"Date","Price","Open","High","Low","Change %"
"Sep 25, 2012","1.2900","1.2933","1.2973","1.2887","-0.24"
"Sep 26, 2012","1.2872","1.2899","1.2913","1.2835","-0.22"
"Sep 27, 2012","1.2914","1.2871","1.2929","1.2828","0.33"
"Sep 28, 2012","1.2858","1.2912","1.2959","1.2837","-0.43"
"Oct 01, 2012","1.2889","1.2859","1.2940","1.2803","0.24"
"Oct 02, 2012","1.2920","1.2888","1.2969","1.2880","0.24"
"Oct 03, 2012","1.2906","1.2919","1.2938","1.2877","-0.11"
"Oct 04, 2012","1.3018","1.2905","1.3032","1.2901","0.87"
"Oct 05, 2012","1.3034","1.3018","1.3072","1.2993","0.12"
"Oct 08, 2012","1.2970","1.3030","1.3036","1.2936","-0.49"
"Oct 09, 2012","1.2885","1.2970","1.2991","1.2858","-0.66"
"Oct 10, 2012","1.2875","1.2885","1.2914","1.2835","-0.08"
"Oct 11, 2012","1.2927","1.2875","1.2954","1.2826","0.40"
"Oct 12, 2012","1.2950","1.2927","1.2992","1.2921","0.18"
"Oct 15, 2012","1.2950","1.2957","1.2980","1.2891","0.00"
"Oct 16, 2012","1.3054","1.2950","1.3062","1.2943","0.80"
"Oct 17, 2012","1.3119","1.3054","1.3141","1.3053","0.50"
"Oct 18, 2012","1.3066","1.3119","1.3129","1.3055","-0.40"
"Oct 19, 2012","1.3022","1.3065","1.3078","1.3012","-0.34"
"Oct 22, 2012","1.3060","1.3013","1.3085","1.3011","0.29"
"Oct 23, 2012","1.2986","1.3060","1.3077","1.2952","-0.57"
"Oct 24, 2012","1.2974","1.2986","1.2999","1.2921","-0.09"
"Oct 25, 2012","1.2934","1.2973","1.3024","1.2926","-0.31"
"Oct 26, 2012","1.2942","1.2934","1.2959","1.2883","0.06"
"Oct 29, 2012","1.2904","1.2948","1.2967","1.2885","-0.29"
"Oct 30, 2012","1.2959","1.2904","1.2986","1.2887","0.43"
"Oct 31, 2012","1.2960","1.2961","1.3023","1.2946","0.01"
"Nov 01, 2012","1.2942","1.2959","1.2982","1.2923","-0.14"
"Nov 02, 2012","1.2837","1.2942","1.2952","1.2820","-0.81"
"Nov 05, 2012","1.2797","1.2812","1.2843","1.2767","-0.31"
"Nov 06, 2012","1.2814","1.2795","1.2828","1.2763","0.13"
"Nov 07, 2012","1.2771","1.2813","1.2877","1.2735","-0.34"
"Nov 08, 2012","1.2747","1.2771","1.2782","1.2718","-0.19"
"Nov 09, 2012","1.2709","1.2747","1.2790","1.2689","-0.30"
"Nov 12, 2012","1.2710","1.2712","1.2742","1.2698","0.01"
"Nov 13, 2012","1.2704","1.2709","1.2728","1.2662","-0.05"
"Nov 14, 2012","1.2736","1.2706","1.2778","1.2700","0.25"
"Nov 15, 2012","1.2780","1.2736","1.2803","1.2717","0.35"
"Nov 16, 2012","1.2744","1.2780","1.2788","1.2689","-0.28"
"Nov 19, 2012","1.2813","1.2739","1.2822","1.2731","0.54"
"Nov 20, 2012","1.2818","1.2813","1.2830","1.2765","0.04"
"Nov 21, 2012","1.2829","1.2817","1.2833","1.2734","0.09"
"Nov 22, 2012","1.2883","1.2828","1.2902","1.2826","0.42"
"Nov 23, 2012","1.2976","1.2883","1.2992","1.2868","0.72"
"Nov 26, 2012","1.2973","1.2972","1.2985","1.2943","-0.02"
"Nov 27, 2012","1.2945","1.2970","1.3010","1.2915","-0.22"
"Nov 28, 2012","1.2953","1.2944","1.2956","1.2880","0.06"
"Nov 29, 2012","1.2978","1.2952","1.3014","1.2938","0.19"
"Nov 30, 2012","1.2986","1.2978","1.3028","1.2969","0.06"
"Dec 03, 2012","1.3054","1.2984","1.3077","1.2972","0.52"
"Dec 04, 2012","1.3094","1.3053","1.3109","1.3045","0.31"
"Dec 05, 2012","1.3068","1.3095","1.3128","1.3061","-0.20"
"Dec 06, 2012","1.2968","1.3068","1.3088","1.2949","-0.77"
"Dec 07, 2012","1.2927","1.2969","1.2974","1.2881","-0.32"
"Dec 10, 2012","1.2941","1.2901","1.2947","1.2879","0.11"
"Dec 11, 2012","1.3006","1.2942","1.3016","1.2929","0.50"
"Dec 12, 2012","1.3074","1.3007","1.3098","1.2994","0.52"
"Dec 13, 2012","1.3078","1.3074","1.3102","1.3041","0.03"
"Dec 14, 2012","1.3163","1.3079","1.3175","1.3067","0.65"
"Dec 17, 2012","1.3165","1.3190","1.3192","1.3144","0.02"
"Dec 18, 2012","1.3230","1.3164","1.3239","1.3155","0.49"
"Dec 19, 2012","1.3228","1.3230","1.3310","1.3222","-0.02"
"Dec 20, 2012","1.3244","1.3228","1.3297","1.3189","0.12"
"Dec 21, 2012","1.3188","1.3245","1.3255","1.3159","-0.42"
"Dec 24, 2012","1.3186","1.3188","1.3234","1.3167","-0.02"
"Dec 25, 2012","1.3183","1.3184","1.3208","1.3170","-0.02"
"Dec 26, 2012","1.3224","1.3183","1.3255","1.3170","0.31"
"Dec 27, 2012","1.3236","1.3225","1.3285","1.3201","0.09"
"Dec 28, 2012","1.3216","1.3236","1.3258","1.3167","-0.15"
"Dec 31, 2012","1.3196","1.3214","1.3236","1.3173","-0.15"
"Jan 01, 2013","1.3205","1.3194","1.3220","1.3180","0.07"
"Jan 02, 2013","1.3186","1.3205","1.3302","1.3157","-0.14"
"Jan 03, 2013","1.3048","1.3187","1.3192","1.3046","-1.05"
"Jan 04, 2013","1.3069","1.3048","1.3091","1.2999","0.16"
"Jan 07, 2013","1.3117","1.3072","1.3121","1.3018","0.37"
"Jan 08, 2013","1.3083","1.3116","1.3142","1.3058","-0.26"
"Jan 09, 2013","1.3064","1.3081","1.3096","1.3037","-0.15"
"Jan 10, 2013","1.3271","1.3065","1.3273","1.3039","1.58"
"Jan 11, 2013","1.3344","1.3272","1.3366","1.3248","0.55"
"Jan 14, 2013","1.3383","1.3340","1.3404","1.3334","0.29"
"Jan 15, 2013","1.3304","1.3382","1.3394","1.3268","-0.59"
"Jan 16, 2013","1.3290","1.3304","1.3325","1.3257","-0.11"
"Jan 17, 2013","1.3377","1.3291","1.3390","1.3271","0.65"
"Jan 18, 2013","1.3319","1.3377","1.3403","1.3281","-0.43"
"Jan 21, 2013","1.3314","1.3321","1.3333","1.3300","-0.04"
"Jan 22, 2013","1.3321","1.3312","1.3373","1.3268","0.05"
"Jan 23, 2013","1.3318","1.3321","1.3356","1.3265","-0.02"
"Jan 24, 2013","1.3376","1.3319","1.3394","1.3287","0.44"
"Jan 25, 2013","1.3462","1.3377","1.3481","1.3350","0.64"
"Jan 28, 2013","1.3456","1.3464","1.3478","1.3424","-0.04"
"Jan 29, 2013","1.3493","1.3455","1.3498","1.3415","0.27"
"Jan 30, 2013","1.3568","1.3491","1.3588","1.3481","0.56"
"Jan 31, 2013","1.3579","1.3567","1.3594","1.3540","0.08"
"Feb 01, 2013","1.3640","1.3577","1.3712","1.3572","0.45"
"Feb 04, 2013","1.3514","1.3642","1.3659","1.3504","-0.92"
"Feb 05, 2013","1.3584","1.3514","1.3599","1.3459","0.52"
"Feb 06, 2013","1.3523","1.3584","1.3598","1.3495","-0.45"
"Feb 07, 2013","1.3396","1.3521","1.3577","1.3369","-0.94"
"Feb 08, 2013","1.3365","1.3398","1.3431","1.3354","-0.23"
"Feb 11, 2013","1.3407","1.3359","1.3428","1.3325","0.31"
"Feb 12, 2013","1.3454","1.3406","1.3476","1.3365","0.35"
"Feb 13, 2013","1.3453","1.3453","1.3521","1.3426","-0.01"
"Feb 14, 2013","1.3361","1.3451","1.3456","1.3314","-0.68"
"Feb 15, 2013","1.3363","1.3363","1.3394","1.3306","0.01"
"Feb 18, 2013","1.3352","1.3357","1.3377","1.3321","-0.08"
"Feb 19, 2013","1.3388","1.3352","1.3397","1.3329","0.27"
"Feb 20, 2013","1.3281","1.3387","1.3434","1.3270","-0.80"
"Feb 21, 2013","1.3189","1.3283","1.3291","1.3161","-0.69"
"Feb 22, 2013","1.3190","1.3190","1.3247","1.3146","0.01"
"Feb 25, 2013","1.3062","1.3175","1.3319","1.3047","-0.97"
"Feb 26, 2013","1.3062","1.3062","1.3121","1.3018","0.00"
"Feb 27, 2013","1.3139","1.3060","1.3148","1.3041","0.59"
"Feb 28, 2013","1.3056","1.3138","1.3163","1.3051","-0.63"
"Mar 01, 2013","1.3022","1.3055","1.3102","1.2967","-0.26"
"Mar 04, 2013","1.3026","1.3018","1.3032","1.2982","0.03"
"Mar 05, 2013","1.3051","1.3026","1.3077","1.3009","0.19"
"Mar 06, 2013","1.2967","1.3053","1.3072","1.2963","-0.64"
"Mar 07, 2013","1.3106","1.2967","1.3121","1.2967","1.07"
"Mar 08, 2013","1.3006","1.3107","1.3136","1.2957","-0.76"
"Mar 11, 2013","1.3045","1.2999","1.3054","1.2980","0.30"
"Mar 12, 2013","1.3034","1.3044","1.3076","1.2992","-0.08"
"Mar 13, 2013","1.2961","1.3034","1.3065","1.2923","-0.56"
"Mar 14, 2013","1.3005","1.2961","1.3033","1.2911","0.34"
"Mar 15, 2013","1.3076","1.3005","1.3109","1.2999","0.55"
"Mar 18, 2013","1.2956","1.2959","1.2997","1.2882","-0.92"
"Mar 19, 2013","1.2883","1.2957","1.2971","1.2845","-0.56"
"Mar 20, 2013","1.2933","1.2881","1.2978","1.2854","0.39"
"Mar 21, 2013","1.2898","1.2932","1.2956","1.2880","-0.27"
"Mar 22, 2013","1.2988","1.2898","1.3011","1.2889","0.70"
"Mar 25, 2013","1.2852","1.2972","1.3049","1.2830","-1.05"
"Mar 26, 2013","1.2861","1.2852","1.2890","1.2828","0.07"
"Mar 27, 2013","1.2780","1.2862","1.2868","1.2750","-0.63"
"Mar 28, 2013","1.2816","1.2780","1.2845","1.2755","0.28"
"Mar 29, 2013","1.2820","1.2816","1.2839","1.2793","0.03"
"Apr 01, 2013","1.2849","1.2814","1.2868","1.2771","0.23"
"Apr 02, 2013","1.2820","1.2847","1.2879","1.2809","-0.23"
"Apr 03, 2013","1.2851","1.2820","1.2865","1.2790","0.24"
"Apr 04, 2013","1.2936","1.2849","1.2950","1.2746","0.66"
"Apr 05, 2013","1.2990","1.2936","1.3041","1.2900","0.42"
"Apr 08, 2013","1.3009","1.2975","1.3039","1.2963","0.15"
"Apr 09, 2013","1.3082","1.3008","1.3104","1.3004","0.56"
"Apr 10, 2013","1.3070","1.3082","1.3123","1.3052","-0.09"
"Apr 11, 2013","1.3103","1.3069","1.3139","1.3044","0.25"
"Apr 12, 2013","1.3112","1.3098","1.3127","1.3037","0.07"
"Apr 15, 2013","1.3036","1.3134","1.3135","1.3023","-0.58"
"Apr 16, 2013","1.3178","1.3034","1.3203","1.3028","1.09"
"Apr 17, 2013","1.3030","1.3177","1.3203","1.3003","-1.12"
"Apr 18, 2013","1.3052","1.3031","1.3098","1.3022","0.17"
"Apr 19, 2013","1.3052","1.3050","1.3129","1.3046","0.00"
"Apr 22, 2013","1.3067","1.3079","1.3094","1.3015","0.11"
"Apr 23, 2013","1.2999","1.3066","1.3085","1.2973","-0.52"
"Apr 24, 2013","1.3016","1.2998","1.3035","1.2955","0.13"
"Apr 25, 2013","1.3013","1.3013","1.3094","1.2989","-0.02"
"Apr 26, 2013","1.3028","1.3013","1.3049","1.2992","0.12"
"Apr 29, 2013","1.3100","1.3032","1.3117","1.3028","0.55"
"Apr 30, 2013","1.3167","1.3098","1.3186","1.3056","0.51"
"May 01, 2013","1.3180","1.3169","1.3245","1.3161","0.10"
"May 02, 2013","1.3064","1.3180","1.3216","1.3037","-0.88"
"May 03, 2013","1.3115","1.3065","1.3160","1.3035","0.39"
"May 06, 2013","1.3076","1.3115","1.3143","1.3054","-0.30"
"May 07, 2013","1.3079","1.3075","1.3133","1.3068","0.02"
"May 08, 2013","1.3152","1.3079","1.3196","1.3072","0.56"
"May 09, 2013","1.3043","1.3154","1.3180","1.3011","-0.83"
"May 10, 2013","1.2993","1.3042","1.3051","1.2936","-0.38"
"May 13, 2013","1.2976","1.2957","1.2999","1.2942","-0.13"
"May 14, 2013","1.2920","1.2976","1.3030","1.2916","-0.43"
"May 15, 2013","1.2887","1.2919","1.2943","1.2843","-0.26"
"May 16, 2013","1.2882","1.2886","1.2930","1.2846","-0.04"
"May 17, 2013","1.2839","1.2881","1.2890","1.2796","-0.33"
"May 20, 2013","1.2883","1.2811","1.2902","1.2803","0.34"
"May 21, 2013","1.2906","1.2883","1.2934","1.2841","0.18"
"May 22, 2013","1.2858","1.2906","1.3000","1.2833","-0.37"
"May 23, 2013","1.2936","1.2857","1.2956","1.2821","0.61"
"May 24, 2013","1.2932","1.2938","1.2998","1.2906","-0.03"
"May 27, 2013","1.2932","1.2928","1.2951","1.2917","0.00"
"May 28, 2013","1.2856","1.2929","1.2951","1.2849","-0.59"
"May 29, 2013","1.2941","1.2857","1.2980","1.2840","0.66"
"May 30, 2013","1.3050","1.2940","1.3063","1.2934","0.84"
"May 31, 2013","1.2999","1.3053","1.3063","1.2947","-0.39"
"Jun 03, 2013","1.3076","1.2983","1.3108","1.2955","0.59"
"Jun 04, 2013","1.3081","1.3077","1.3104","1.3043","0.04"
"Jun 05, 2013","1.3094","1.3081","1.3115","1.3053","0.10"
"Jun 06, 2013","1.3247","1.3095","1.3306","1.3075","1.17"
"Jun 07, 2013","1.3223","1.3246","1.3285","1.3191","-0.18"
"Jun 10, 2013","1.3257","1.3207","1.3270","1.3177","0.26"
"Jun 11, 2013","1.3315","1.3257","1.3318","1.3232","0.44"
"Jun 12, 2013","1.3337","1.3314","1.3361","1.3266","0.17"
"Jun 13, 2013","1.3375","1.3336","1.3391","1.3278","0.28"
"Jun 14, 2013","1.3347","1.3375","1.3376","1.3294","-0.21"
"Jun 17, 2013","1.3369","1.3342","1.3382","1.3317","0.16"
"Jun 18, 2013","1.3394","1.3368","1.3416","1.3325","0.19"
"Jun 19, 2013","1.3295","1.3392","1.3415","1.3260","-0.74"
"Jun 20, 2013","1.3220","1.3296","1.3303","1.3163","-0.56"
"Jun 21, 2013","1.3123","1.3219","1.3254","1.3099","-0.73"
"Jun 24, 2013","1.3119","1.3117","1.3146","1.3060","-0.03"
"Jun 25, 2013","1.3085","1.3118","1.3151","1.3064","-0.26"
"Jun 26, 2013","1.3012","1.3081","1.3088","1.2984","-0.56"
"Jun 27, 2013","1.3037","1.3013","1.3058","1.3001","0.19"
"Jun 28, 2013","1.3010","1.3037","1.3105","1.2992","-0.21"
"Jul 01, 2013","1.3064","1.3006","1.3067","1.3001","0.42"
"Jul 02, 2013","1.2979","1.3065","1.3080","1.2964","-0.65"
"Jul 03, 2013","1.3009","1.2978","1.3032","1.2923","0.23"
"Jul 04, 2013","1.2913","1.3009","1.3024","1.2883","-0.74"
"Jul 05, 2013","1.2832","1.2913","1.2918","1.2807","-0.63"
"Jul 08, 2013","1.2870","1.2825","1.2883","1.2809","0.30"
"Jul 09, 2013","1.2781","1.2870","1.2899","1.2755","-0.69"
"Jul 10, 2013","1.2976","1.2781","1.2985","1.2765","1.53"
"Jul 11, 2013","1.3096","1.2980","1.3204","1.2965","0.92"
"Jul 12, 2013","1.3068","1.3097","1.3103","1.3000","-0.21"
"Jul 15, 2013","1.3062","1.3066","1.3085","1.2994","-0.05"
"Jul 16, 2013","1.3162","1.3062","1.3175","1.3052","0.77"
"Jul 17, 2013","1.3125","1.3161","1.3177","1.3084","-0.28"
"Jul 18, 2013","1.3110","1.3125","1.3128","1.3066","-0.11"
"Jul 19, 2013","1.3142","1.3110","1.3154","1.3087","0.24"
"Jul 22, 2013","1.3186","1.3142","1.3220","1.3131","0.33"
"Jul 23, 2013","1.3224","1.3186","1.3241","1.3165","0.29"
"Jul 24, 2013","1.3201","1.3222","1.3256","1.3176","-0.17"
"Jul 25, 2013","1.3277","1.3199","1.3296","1.3165","0.58"
"Jul 26, 2013","1.3279","1.3277","1.3297","1.3252","0.02"
"Jul 29, 2013","1.3262","1.3276","1.3297","1.3241","-0.13"
"Jul 30, 2013","1.3263","1.3262","1.3302","1.3234","0.01"
"Jul 31, 2013","1.3302","1.3264","1.3346","1.3215","0.29"
"Aug 01, 2013","1.3207","1.3301","1.3311","1.3197","-0.71"
"Aug 02, 2013","1.3283","1.3207","1.3295","1.3190","0.58"
"Aug 05, 2013","1.3258","1.3274","1.3302","1.3232","-0.19"
"Aug 06, 2013","1.3306","1.3258","1.3325","1.3245","0.36"
"Aug 07, 2013","1.3337","1.3307","1.3347","1.3266","0.23"
"Aug 08, 2013","1.3382","1.3338","1.3403","1.3329","0.34"
"Aug 09, 2013","1.3343","1.3380","1.3391","1.3333","-0.29"
"Aug 12, 2013","1.3300","1.3340","1.3346","1.3278","-0.32"
"Aug 13, 2013","1.3262","1.3299","1.3317","1.3233","-0.29"
"Aug 14, 2013","1.3256","1.3262","1.3279","1.3239","-0.05"
"Aug 15, 2013","1.3348","1.3256","1.3365","1.3207","0.69"
"Aug 16, 2013","1.3329","1.3346","1.3380","1.3310","-0.14"
"Aug 19, 2013","1.3335","1.3328","1.3376","1.3316","0.05"
"Aug 20, 2013","1.3417","1.3336","1.3453","1.3323","0.61"
"Aug 21, 2013","1.3357","1.3416","1.3428","1.3335","-0.45"
"Aug 22, 2013","1.3356","1.3355","1.3375","1.3299","-0.01"
"Aug 23, 2013","1.3382","1.3356","1.3410","1.3333","0.19"
"Aug 26, 2013","1.3369","1.3382","1.3394","1.3356","-0.10"
"Aug 27, 2013","1.3393","1.3368","1.3400","1.3324","0.18"
"Aug 28, 2013","1.3340","1.3393","1.3399","1.3306","-0.40"
"Aug 29, 2013","1.3241","1.3339","1.3344","1.3219","-0.74"
"Aug 30, 2013","1.3222","1.3243","1.3256","1.3175","-0.14"
"Sep 02, 2013","1.3192","1.3234","1.3238","1.3184","-0.23"
"Sep 03, 2013","1.3170","1.3191","1.3198","1.3138","-0.17"
"Sep 04, 2013","1.3209","1.3171","1.3220","1.3156","0.30"
"Sep 05, 2013","1.3120","1.3207","1.3223","1.3110","-0.67"
"Sep 06, 2013","1.3180","1.3119","1.3189","1.3104","0.46"
"Sep 09, 2013","1.3255","1.3169","1.3281","1.3159","0.57"
"Sep 10, 2013","1.3268","1.3255","1.3276","1.3230","0.10"
"Sep 11, 2013","1.3312","1.3270","1.3327","1.3245","0.33"
"Sep 12, 2013","1.3299","1.3310","1.3326","1.3261","-0.10"
"Sep 13, 2013","1.3294","1.3299","1.3323","1.3255","-0.04"
"Sep 16, 2013","1.3334","1.3306","1.3386","1.3296","0.30"
"Sep 17, 2013","1.3359","1.3334","1.3371","1.3326","0.19"
"Sep 18, 2013","1.3522","1.3359","1.3542","1.3338","1.22"
"Sep 19, 2013","1.3530","1.3521","1.3569","1.3500","0.06"
"Sep 20, 2013","1.3524","1.3531","1.3550","1.3498","-0.04"
"Sep 23, 2013","1.3493","1.3546","1.3556","1.3479","-0.23"
"Sep 24, 2013","1.3474","1.3493","1.3519","1.3464","-0.14"
"Sep 25, 2013","1.3526","1.3473","1.3538","1.3461","0.39"
"Sep 26, 2013","1.3489","1.3526","1.3529","1.3471","-0.27"
"Sep 27, 2013","1.3522","1.3487","1.3565","1.3473","0.24"
"Sep 30, 2013","1.3526","1.3480","1.3557","1.3468","0.03"
"Oct 01, 2013","1.3526","1.3528","1.3590","1.3517","0.00"
"Oct 02, 2013","1.3579","1.3527","1.3609","1.3509","0.39"
"Oct 03, 2013","1.3618","1.3577","1.3646","1.3576","0.29"
"Oct 04, 2013","1.3558","1.3618","1.3632","1.3538","-0.44"
"Oct 07, 2013","1.3582","1.3556","1.3592","1.3542","0.18"
"Oct 08, 2013","1.3573","1.3583","1.3609","1.3558","-0.07"
"Oct 09, 2013","1.3524","1.3573","1.3605","1.3486","-0.36"
"Oct 10, 2013","1.3520","1.3524","1.3546","1.3488","-0.03"
"Oct 11, 2013","1.3542","1.3519","1.3582","1.3517","0.16"
"Oct 14, 2013","1.3561","1.3544","1.3598","1.3542","0.14"
"Oct 15, 2013","1.3523","1.3561","1.3571","1.3479","-0.28"
"Oct 16, 2013","1.3535","1.3523","1.3567","1.3472","0.09"
"Oct 17, 2013","1.3676","1.3535","1.3681","1.3514","1.04"
"Oct 18, 2013","1.3685","1.3674","1.3704","1.3659","0.07"
"Oct 21, 2013","1.3683","1.3687","1.3691","1.3651","-0.01"
"Oct 22, 2013","1.3781","1.3683","1.3794","1.3662","0.72"
"Oct 23, 2013","1.3777","1.3784","1.3794","1.3741","-0.03"
"Oct 24, 2013","1.3800","1.3776","1.3826","1.3764","0.17"
"Oct 25, 2013","1.3805","1.3801","1.3833","1.3774","0.04"
"Oct 28, 2013","1.3784","1.3803","1.3817","1.3775","-0.15"
"Oct 29, 2013","1.3746","1.3784","1.3813","1.3735","-0.28"
"Oct 30, 2013","1.3736","1.3745","1.3785","1.3696","-0.07"
"Oct 31, 2013","1.3584","1.3737","1.3740","1.3577","-1.11"
"Nov 01, 2013","1.3487","1.3584","1.3592","1.3481","-0.71"
"Nov 04, 2013","1.3516","1.3489","1.3527","1.3443","0.22"
"Nov 05, 2013","1.3474","1.3514","1.3523","1.3449","-0.31"
"Nov 06, 2013","1.3512","1.3476","1.3550","1.3468","0.28"
"Nov 07, 2013","1.3420","1.3514","1.3529","1.3296","-0.68"
"Nov 08, 2013","1.3371","1.3420","1.3439","1.3317","-0.37"
"Nov 11, 2013","1.3407","1.3361","1.3417","1.3344","0.27"
"Nov 12, 2013","1.3436","1.3407","1.3457","1.3359","0.22"
"Nov 13, 2013","1.3487","1.3436","1.3497","1.3392","0.38"
"Nov 14, 2013","1.3459","1.3489","1.3499","1.3419","-0.21"
"Nov 15, 2013","1.3495","1.3458","1.3506","1.3432","0.27"
"Nov 18, 2013","1.3505","1.3502","1.3543","1.3475","0.07"
"Nov 19, 2013","1.3539","1.3505","1.3549","1.3488","0.25"
"Nov 20, 2013","1.3439","1.3539","1.3579","1.3417","-0.74"
"Nov 21, 2013","1.3482","1.3440","1.3487","1.3399","0.32"
"Nov 22, 2013","1.3558","1.3482","1.3558","1.3462","0.56"
"Nov 25, 2013","1.3516","1.3550","1.3561","1.3491","-0.31"
"Nov 26, 2013","1.3572","1.3517","1.3575","1.3514","0.41"
"Nov 27, 2013","1.3579","1.3571","1.3613","1.3557","0.05"
"Nov 28, 2013","1.3605","1.3580","1.3619","1.3563","0.19"
"Nov 29, 2013","1.3590","1.3605","1.3622","1.3579","-0.11"
"Dec 02, 2013","1.3542","1.3590","1.3617","1.3525","-0.35"
"Dec 03, 2013","1.3590","1.3540","1.3613","1.3523","0.35"
"Dec 04, 2013","1.3594","1.3589","1.3605","1.3528","0.03"
"Dec 05, 2013","1.3668","1.3594","1.3678","1.3542","0.54"
"Dec 06, 2013","1.3706","1.3668","1.3708","1.3630","0.28"
"Dec 09, 2013","1.3739","1.3720","1.3747","1.3694","0.24"
"Dec 10, 2013","1.3761","1.3738","1.3797","1.3733","0.16"
"Dec 11, 2013","1.3786","1.3760","1.3811","1.3739","0.18"
"Dec 12, 2013","1.3755","1.3787","1.3804","1.3736","-0.22"
"Dec 13, 2013","1.3743","1.3755","1.3771","1.3710","-0.09"
"Dec 16, 2013","1.3761","1.3740","1.3799","1.3724","0.13"
"Dec 17, 2013","1.3768","1.3762","1.3784","1.3724","0.05"
"Dec 18, 2013","1.3685","1.3770","1.3813","1.3675","-0.60"
"Dec 19, 2013","1.3663","1.3685","1.3695","1.3649","-0.16"
"Dec 20, 2013","1.3672","1.3662","1.3710","1.3624","0.07"
"Dec 23, 2013","1.3696","1.3670","1.3717","1.3666","0.18"
"Dec 24, 2013","1.3684","1.3697","1.3704","1.3655","-0.09"
"Dec 25, 2013","1.3680","1.3684","1.3710","1.3661","-0.03"
"Dec 26, 2013","1.3691","1.3679","1.3702","1.3662","0.08"
"Dec 27, 2013","1.3742","1.3692","1.3893","1.3686","0.37"
"Dec 30, 2013","1.3805","1.3744","1.3821","1.3729","0.46"
"Dec 31, 2013","1.3746","1.3803","1.3813","1.3742","-0.43"
"Jan 01, 2014","1.3754","1.3742","1.3769","1.3742","0.06"
"Jan 02, 2014","1.3672","1.3756","1.3777","1.3630","-0.60"
"Jan 03, 2014","1.3588","1.3672","1.3674","1.3582","-0.61"
"Jan 06, 2014","1.3628","1.3589","1.3653","1.3571","0.29"
"Jan 07, 2014","1.3616","1.3627","1.3657","1.3596","-0.09"
"Jan 08, 2014","1.3575","1.3617","1.3636","1.3554","-0.30"
"Jan 09, 2014","1.3609","1.3577","1.3636","1.3550","0.25"
"Jan 10, 2014","1.3670","1.3609","1.3689","1.3577","0.45"
"Jan 13, 2014","1.3672","1.3669","1.3685","1.3637","0.01"
"Jan 14, 2014","1.3679","1.3670","1.3699","1.3648","0.05"
"Jan 15, 2014","1.3605","1.3680","1.3684","1.3582","-0.54"
"Jan 16, 2014","1.3620","1.3604","1.3650","1.3582","0.11"
"Jan 17, 2014","1.3541","1.3620","1.3623","1.3517","-0.58"
"Jan 20, 2014","1.3552","1.3543","1.3570","1.3508","0.08"
"Jan 21, 2014","1.3561","1.3552","1.3571","1.3518","0.07"
"Jan 22, 2014","1.3548","1.3559","1.3584","1.3535","-0.10"
"Jan 23, 2014","1.3695","1.3547","1.3699","1.3530","1.09"
"Jan 24, 2014","1.3678","1.3697","1.3741","1.3665","-0.12"
"Jan 27, 2014","1.3672","1.3677","1.3718","1.3654","-0.04"
"Jan 28, 2014","1.3669","1.3673","1.3689","1.3629","-0.02"
"Jan 29, 2014","1.3663","1.3668","1.3685","1.3603","-0.04"
"Jan 30, 2014","1.3556","1.3662","1.3666","1.3543","-0.78"
"Jan 31, 2014","1.3487","1.3557","1.3570","1.3480","-0.51"
"Feb 03, 2014","1.3525","1.3493","1.3536","1.3476","0.28"
"Feb 04, 2014","1.3519","1.3525","1.3539","1.3494","-0.04"
"Feb 05, 2014","1.3533","1.3519","1.3555","1.3498","0.10"
"Feb 06, 2014","1.3590","1.3533","1.3621","1.3485","0.42"
"Feb 07, 2014","1.3635","1.3590","1.3642","1.3553","0.33"
"Feb 10, 2014","1.3647","1.3634","1.3653","1.3609","0.09"
"Feb 11, 2014","1.3639","1.3648","1.3686","1.3631","-0.06"
"Feb 12, 2014","1.3594","1.3639","1.3655","1.3563","-0.33"
"Feb 13, 2014","1.3681","1.3594","1.3694","1.3586","0.64"
"Feb 14, 2014","1.3693","1.3681","1.3718","1.3674","0.09"
"Feb 17, 2014","1.3708","1.3688","1.3725","1.3687","0.11"
"Feb 18, 2014","1.3758","1.3706","1.3770","1.3694","0.36"
"Feb 19, 2014","1.3733","1.3757","1.3774","1.3724","-0.18"
"Feb 20, 2014","1.3718","1.3733","1.3763","1.3685","-0.11"
"Feb 21, 2014","1.3740","1.3720","1.3760","1.3704","0.16"
"Feb 24, 2014","1.3735","1.3735","1.3770","1.3708","-0.04"
"Feb 25, 2014","1.3746","1.3735","1.3767","1.3714","0.08"
"Feb 26, 2014","1.3688","1.3744","1.3758","1.3661","-0.42"
"Feb 27, 2014","1.3709","1.3687","1.3727","1.3642","0.15"
"Feb 28, 2014","1.3803","1.3708","1.3824","1.3693","0.69"
"Mar 03, 2014","1.3735","1.3786","1.3793","1.3725","-0.49"
"Mar 04, 2014","1.3744","1.3735","1.3782","1.3720","0.07"
"Mar 05, 2014","1.3733","1.3742","1.3746","1.3706","-0.08"
"Mar 06, 2014","1.3861","1.3734","1.3874","1.3723","0.93"
"Mar 07, 2014","1.3878","1.3860","1.3917","1.3854","0.12"
"Mar 10, 2014","1.3877","1.3875","1.3898","1.3861","-0.01"
"Mar 11, 2014","1.3859","1.3874","1.3880","1.3832","-0.13"
"Mar 12, 2014","1.3904","1.3859","1.3914","1.3841","0.32"
"Mar 13, 2014","1.3869","1.3903","1.3968","1.3844","-0.25"
"Mar 14, 2014","1.3914","1.3866","1.3937","1.3847","0.32"
"Mar 17, 2014","1.3922","1.3911","1.3949","1.3879","0.06"
"Mar 18, 2014","1.3934","1.3921","1.3942","1.3880","0.09"
"Mar 19, 2014","1.3833","1.3933","1.3935","1.3809","-0.72"
"Mar 20, 2014","1.3779","1.3832","1.3845","1.3749","-0.39"
"Mar 21, 2014","1.3794","1.3779","1.3813","1.3767","0.11"
"Mar 24, 2014","1.3839","1.3792","1.3876","1.3760","0.33"
"Mar 25, 2014","1.3827","1.3839","1.3848","1.3750","-0.09"
"Mar 26, 2014","1.3783","1.3827","1.3829","1.3777","-0.32"
"Mar 27, 2014","1.3740","1.3781","1.3798","1.3729","-0.31"
"Mar 28, 2014","1.3753","1.3740","1.3773","1.3705","0.09"
"Mar 31, 2014","1.3771","1.3755","1.3807","1.3734","0.13"
"Apr 01, 2014","1.3794","1.3769","1.3817","1.3767","0.17"
"Apr 02, 2014","1.3767","1.3792","1.3821","1.3752","-0.20"
"Apr 03, 2014","1.3720","1.3768","1.3807","1.3699","-0.34"
"Apr 04, 2014","1.3703","1.3719","1.3732","1.3672","-0.12"
"Apr 07, 2014","1.3741","1.3696","1.3749","1.3689","0.28"
"Apr 08, 2014","1.3796","1.3741","1.3813","1.3737","0.40"
"Apr 09, 2014","1.3855","1.3794","1.3862","1.3779","0.43"
"Apr 10, 2014","1.3888","1.3855","1.3899","1.3835","0.24"
"Apr 11, 2014","1.3885","1.3888","1.3907","1.3864","-0.02"
"Apr 14, 2014","1.3821","1.3839","1.3866","1.3810","-0.46"
"Apr 15, 2014","1.3814","1.3821","1.3835","1.3790","-0.05"
"Apr 16, 2014","1.3816","1.3814","1.3852","1.3804","0.01"
"Apr 17, 2014","1.3815","1.3816","1.3866","1.3810","-0.01"
"Apr 18, 2014","1.3815","1.3814","1.3825","1.3808","0.00"
"Apr 21, 2014","1.3792","1.3809","1.3832","1.3786","-0.17"
"Apr 22, 2014","1.3805","1.3794","1.3826","1.3785","0.09"
"Apr 23, 2014","1.3817","1.3805","1.3855","1.3800","0.09"
"Apr 24, 2014","1.3832","1.3819","1.3843","1.3792","0.11"
"Apr 25, 2014","1.3833","1.3832","1.3850","1.3826","0.01"
"Apr 28, 2014","1.3850","1.3834","1.3880","1.3814","0.12"
"Apr 29, 2014","1.3812","1.3849","1.3879","1.3805","-0.27"
"Apr 30, 2014","1.3868","1.3813","1.3878","1.3777","0.41"
"May 01, 2014","1.3870","1.3866","1.3889","1.3861","0.01"
"May 02, 2014","1.3870","1.3868","1.3881","1.3811","0.00"
"May 05, 2014","1.3876","1.3872","1.3892","1.3865","0.04"
"May 06, 2014","1.3928","1.3875","1.3952","1.3869","0.37"
"May 07, 2014","1.3912","1.3928","1.3940","1.3910","-0.11"
"May 08, 2014","1.3841","1.3911","1.3993","1.3832","-0.51"
"May 09, 2014","1.3760","1.3841","1.3847","1.3746","-0.59"
"May 12, 2014","1.3757","1.3750","1.3775","1.3748","-0.02"
"May 13, 2014","1.3704","1.3758","1.3773","1.3691","-0.39"
"May 14, 2014","1.3715","1.3704","1.3732","1.3697","0.08"
"May 15, 2014","1.3711","1.3715","1.3733","1.3648","-0.03"
"May 16, 2014","1.3695","1.3712","1.3729","1.3687","-0.12"
"May 19, 2014","1.3709","1.3703","1.3736","1.3688","0.10"
"May 20, 2014","1.3703","1.3708","1.3714","1.3678","-0.04"
"May 21, 2014","1.3687","1.3703","1.3724","1.3635","-0.12"
"May 22, 2014","1.3656","1.3687","1.3689","1.3645","-0.23"
"May 23, 2014","1.3634","1.3656","1.3660","1.3615","-0.16"
"May 26, 2014","1.3646","1.3626","1.3655","1.3615","0.09"
"May 27, 2014","1.3634","1.3647","1.3670","1.3613","-0.09"
"May 28, 2014","1.3591","1.3635","1.3639","1.3588","-0.32"
"May 29, 2014","1.3602","1.3589","1.3626","1.3585","0.08"
"May 30, 2014","1.3631","1.3601","1.3650","1.3598","0.21"
"Jun 02, 2014","1.3597","1.3636","1.3646","1.3589","-0.25"
"Jun 03, 2014","1.3628","1.3596","1.3647","1.3586","0.23"
"Jun 04, 2014","1.3599","1.3628","1.3639","1.3595","-0.21"
"Jun 05, 2014","1.3660","1.3599","1.3671","1.3504","0.45"
"Jun 06, 2014","1.3643","1.3662","1.3678","1.3620","-0.12"
"Jun 09, 2014","1.3594","1.3645","1.3670","1.3583","-0.36"
"Jun 10, 2014","1.3548","1.3594","1.3603","1.3533","-0.34"
"Jun 11, 2014","1.3533","1.3548","1.3558","1.3521","-0.11"
"Jun 12, 2014","1.3553","1.3533","1.3574","1.3512","0.15"
"Jun 13, 2014","1.3542","1.3552","1.3580","1.3519","-0.08"
"Jun 16, 2014","1.3575","1.3535","1.3580","1.3514","0.24"
"Jun 17, 2014","1.3546","1.3574","1.3588","1.3536","-0.21"
"Jun 18, 2014","1.3596","1.3546","1.3599","1.3540","0.37"
"Jun 19, 2014","1.3609","1.3596","1.3643","1.3582","0.10"
"Jun 20, 2014","1.3599","1.3607","1.3634","1.3563","-0.07"
"Jun 23, 2014","1.3605","1.3596","1.3615","1.3575","0.04"
"Jun 24, 2014","1.3605","1.3603","1.3628","1.3582","0.00"
"Jun 25, 2014","1.3630","1.3607","1.3652","1.3599","0.18"
"Jun 26, 2014","1.3611","1.3628","1.3641","1.3575","-0.14"
"Jun 27, 2014","1.3649","1.3611","1.3652","1.3609","0.28"
"Jun 30, 2014","1.3692","1.3646","1.3698","1.3639","0.32"
"Jul 01, 2014","1.3679","1.3692","1.3701","1.3675","-0.09"
"Jul 02, 2014","1.3660","1.3679","1.3684","1.3642","-0.14"
"Jul 03, 2014","1.3611","1.3659","1.3665","1.3596","-0.36"
"Jul 04, 2014","1.3596","1.3613","1.3613","1.3586","-0.11"
"Jul 07, 2014","1.3605","1.3596","1.3611","1.3575","0.07"
"Jul 08, 2014","1.3613","1.3605","1.3619","1.3588","0.06"
"Jul 09, 2014","1.3645","1.3613","1.3648","1.3601","0.24"
"Jul 10, 2014","1.3610","1.3644","1.3651","1.3589","-0.26"
"Jul 11, 2014","1.3609","1.3609","1.3625","1.3591","-0.01"
"Jul 14, 2014","1.3620","1.3602","1.3640","1.3597","0.08"
"Jul 15, 2014","1.3572","1.3620","1.3628","1.3561","-0.35"
"Jul 16, 2014","1.3525","1.3567","1.3575","1.3519","-0.35"
"Jul 17, 2014","1.3527","1.3525","1.3541","1.3516","0.01"
"Jul 18, 2014","1.3525","1.3525","1.3535","1.3491","-0.01"
"Jul 21, 2014","1.3523","1.3527","1.3550","1.3512","-0.01"
"Jul 22, 2014","1.3466","1.3525","1.3531","1.3460","-0.42"
"Jul 23, 2014","1.3465","1.3465","1.3475","1.3454","-0.01"
"Jul 24, 2014","1.3464","1.3463","1.3485","1.3437","-0.01"
"Jul 25, 2014","1.3432","1.3466","1.3478","1.3422","-0.24"
"Jul 28, 2014","1.3441","1.3432","1.3445","1.3426","0.07"
"Jul 29, 2014","1.3410","1.3440","1.3445","1.3403","-0.23"
"Jul 30, 2014","1.3397","1.3409","1.3416","1.3366","-0.10"
"Jul 31, 2014","1.3389","1.3396","1.3401","1.3371","-0.06"
"Aug 01, 2014","1.3430","1.3392","1.3445","1.3378","0.31"
"Aug 04, 2014","1.3422","1.3427","1.3434","1.3408","-0.06"
"Aug 05, 2014","1.3376","1.3422","1.3425","1.3358","-0.34"
"Aug 06, 2014","1.3382","1.3377","1.3388","1.3333","0.04"
"Aug 07, 2014","1.3363","1.3384","1.3394","1.3337","-0.14"
"Aug 08, 2014","1.3411","1.3363","1.3433","1.3343","0.36"
"Aug 11, 2014","1.3386","1.3401","1.3415","1.3378","-0.19"
"Aug 12, 2014","1.3369","1.3386","1.3386","1.3335","-0.13"
"Aug 13, 2014","1.3365","1.3369","1.3415","1.3342","-0.03"
"Aug 14, 2014","1.3365","1.3365","1.3409","1.3348","0.00"
"Aug 15, 2014","1.3399","1.3366","1.3412","1.3358","0.25"
"Aug 18, 2014","1.3363","1.3393","1.3400","1.3352","-0.27"
"Aug 19, 2014","1.3320","1.3363","1.3366","1.3312","-0.32"
"Aug 20, 2014","1.3260","1.3321","1.3327","1.3255","-0.45"
"Aug 21, 2014","1.3282","1.3260","1.3289","1.3242","0.17"
"Aug 22, 2014","1.3243","1.3283","1.3298","1.3220","-0.29"
"Aug 25, 2014","1.3192","1.3220","1.3220","1.3184","-0.39"
"Aug 26, 2014","1.3169","1.3193","1.3216","1.3165","-0.17"
"Aug 27, 2014","1.3193","1.3168","1.3211","1.3152","0.18"
"Aug 28, 2014","1.3183","1.3193","1.3221","1.3159","-0.08"
"Aug 29, 2014","1.3133","1.3178","1.3197","1.3131","-0.38"
"Sep 01, 2014","1.3128","1.3138","1.3146","1.3118","-0.04"
"Sep 02, 2014","1.3133","1.3130","1.3139","1.3110","0.04"
"Sep 03, 2014","1.3151","1.3131","1.3161","1.3122","0.14"
"Sep 04, 2014","1.2945","1.3147","1.3155","1.2919","-1.57"
"Sep 05, 2014","1.2950","1.2944","1.2986","1.2921","0.04"
"Sep 08, 2014","1.2897","1.2943","1.2963","1.2882","-0.41"
"Sep 09, 2014","1.2938","1.2898","1.2959","1.2860","0.32"
"Sep 10, 2014","1.2917","1.2936","1.2963","1.2883","-0.16"
"Sep 11, 2014","1.2926","1.2917","1.2952","1.2896","0.07"
"Sep 12, 2014","1.2965","1.2925","1.2980","1.2909","0.30"
"Sep 15, 2014","1.2942","1.2976","1.2982","1.2908","-0.18"
"Sep 16, 2014","1.2960","1.2938","1.2995","1.2922","0.14"
"Sep 17, 2014","1.2866","1.2959","1.2982","1.2851","-0.73"
"Sep 18, 2014","1.2923","1.2865","1.2931","1.2834","0.44"
"Sep 19, 2014","1.2829","1.2923","1.2930","1.2827","-0.73"
"Sep 22, 2014","1.2850","1.2827","1.2868","1.2815","0.16"
"Sep 23, 2014","1.2847","1.2851","1.2903","1.2842","-0.02"
"Sep 24, 2014","1.2780","1.2846","1.2864","1.2774","-0.52"
"Sep 25, 2014","1.2750","1.2780","1.2784","1.2698","-0.23"
"Sep 26, 2014","1.2685","1.2752","1.2761","1.2677","-0.51"
"Sep 29, 2014","1.2685","1.2685","1.2716","1.2664","0.00"
"Sep 30, 2014","1.2632","1.2684","1.2703","1.2571","-0.42"
"Oct 01, 2014","1.2624","1.2631","1.2640","1.2584","-0.06"
"Oct 02, 2014","1.2668","1.2622","1.2698","1.2612","0.35"
"Oct 03, 2014","1.2517","1.2668","1.2676","1.2500","-1.19"
"Oct 06, 2014","1.2654","1.2510","1.2677","1.2504","1.09"
"Oct 07, 2014","1.2670","1.2656","1.2683","1.2584","0.13"
"Oct 08, 2014","1.2734","1.2669","1.2749","1.2622","0.51"
"Oct 09, 2014","1.2691","1.2732","1.2792","1.2664","-0.34"
"Oct 10, 2014","1.2628","1.2691","1.2716","1.2605","-0.50"
"Oct 13, 2014","1.2753","1.2637","1.2762","1.2619","0.99"
"Oct 14, 2014","1.2659","1.2752","1.2769","1.2640","-0.74"
"Oct 15, 2014","1.2837","1.2659","1.2886","1.2624","1.41"
"Oct 16, 2014","1.2809","1.2837","1.2847","1.2706","-0.22"
"Oct 17, 2014","1.2763","1.2811","1.2837","1.2744","-0.36"
"Oct 20, 2014","1.2799","1.2758","1.2817","1.2731","0.28"
"Oct 21, 2014","1.2715","1.2801","1.2841","1.2713","-0.66"
"Oct 22, 2014","1.2649","1.2716","1.2740","1.2636","-0.52"
"Oct 23, 2014","1.2647","1.2651","1.2679","1.2614","-0.02"
"Oct 24, 2014","1.2670","1.2645","1.2696","1.2633","0.18"
"Oct 27, 2014","1.2698","1.2683","1.2725","1.2666","0.22"
"Oct 28, 2014","1.2734","1.2698","1.2765","1.2683","0.28"
"Oct 29, 2014","1.2632","1.2735","1.2772","1.2631","-0.80"
"Oct 30, 2014","1.2613","1.2631","1.2640","1.2547","-0.15"
"Oct 31, 2014","1.2525","1.2612","1.2618","1.2485","-0.70"
"Nov 03, 2014","1.2483","1.2515","1.2517","1.2441","-0.34"
"Nov 04, 2014","1.2546","1.2483","1.2578","1.2481","0.50"
"Nov 05, 2014","1.2486","1.2546","1.2568","1.2457","-0.48"
"Nov 06, 2014","1.2375","1.2487","1.2535","1.2365","-0.89"
"Nov 07, 2014","1.2454","1.2376","1.2471","1.2359","0.64"
"Nov 10, 2014","1.2421","1.2452","1.2510","1.2417","-0.26"
"Nov 11, 2014","1.2475","1.2421","1.2500","1.2394","0.43"
"Nov 12, 2014","1.2439","1.2476","1.2499","1.2418","-0.29"
"Nov 13, 2014","1.2477","1.2439","1.2492","1.2426","0.31"
"Nov 14, 2014","1.2523","1.2477","1.2548","1.2399","0.37"
"Nov 17, 2014","1.2450","1.2526","1.2578","1.2444","-0.58"
"Nov 18, 2014","1.2537","1.2450","1.2546","1.2442","0.70"
"Nov 19, 2014","1.2554","1.2537","1.2600","1.2512","0.14"
"Nov 20, 2014","1.2540","1.2555","1.2576","1.2504","-0.11"
"Nov 21, 2014","1.2390","1.2541","1.2571","1.2376","-1.20"
"Nov 24, 2014","1.2443","1.2376","1.2445","1.2357","0.43"
"Nov 25, 2014","1.2475","1.2443","1.2487","1.2401","0.26"
"Nov 26, 2014","1.2506","1.2475","1.2532","1.2443","0.25"
"Nov 27, 2014","1.2467","1.2506","1.2524","1.2464","-0.31"
"Nov 28, 2014","1.2452","1.2468","1.2492","1.2427","-0.12"
"Dec 01, 2014","1.2470","1.2456","1.2507","1.2419","0.14"
"Dec 02, 2014","1.2383","1.2471","1.2478","1.2377","-0.70"
"Dec 03, 2014","1.2311","1.2382","1.2391","1.2300","-0.58"
"Dec 04, 2014","1.2379","1.2313","1.2458","1.2282","0.55"
"Dec 05, 2014","1.2285","1.2380","1.2393","1.2271","-0.76"
"Dec 08, 2014","1.2317","1.2278","1.2344","1.2246","0.26"
"Dec 09, 2014","1.2375","1.2317","1.2448","1.2292","0.47"
"Dec 10, 2014","1.2448","1.2374","1.2449","1.2361","0.59"
"Dec 11, 2014","1.2411","1.2448","1.2496","1.2370","-0.30"
"Dec 12, 2014","1.2462","1.2413","1.2487","1.2384","0.41"
"Dec 15, 2014","1.2437","1.2462","1.2485","1.2414","-0.20"
"Dec 16, 2014","1.2511","1.2437","1.2571","1.2433","0.59"
"Dec 17, 2014","1.2343","1.2512","1.2517","1.2322","-1.34"
"Dec 18, 2014","1.2286","1.2342","1.2353","1.2265","-0.46"
"Dec 19, 2014","1.2228","1.2288","1.2305","1.2222","-0.47"
"Dec 22, 2014","1.2231","1.2226","1.2273","1.2216","0.02"
"Dec 23, 2014","1.2172","1.2231","1.2247","1.2165","-0.48"
"Dec 24, 2014","1.2195","1.2172","1.2222","1.2170","0.19"
"Dec 25, 2014","1.2222","1.2195","1.2256","1.2186","0.22"
"Dec 26, 2014","1.2176","1.2224","1.2228","1.2168","-0.38"
"Dec 29, 2014","1.2152","1.2182","1.2221","1.2142","-0.20"
"Dec 30, 2014","1.2157","1.2151","1.2188","1.2123","0.04"
"Dec 31, 2014","1.2098","1.2155","1.2172","1.2096","-0.49"
"Jan 01, 2015","1.2104","1.2100","1.2107","1.2094","0.05"
"Jan 02, 2015","1.2003","1.2106","1.2111","1.2001","-0.83"
"Jan 05, 2015","1.1934","1.2003","1.2008","1.1883","-0.57"
"Jan 06, 2015","1.1889","1.1933","1.1969","1.1884","-0.38"
"Jan 07, 2015","1.1839","1.1892","1.1898","1.1803","-0.42"
"Jan 08, 2015","1.1793","1.1839","1.1848","1.1753","-0.39"
"Jan 09, 2015","1.1841","1.1793","1.1848","1.1763","0.41"
"Jan 12, 2015","1.1834","1.1838","1.1871","1.1786","-0.06"
"Jan 13, 2015","1.1772","1.1833","1.1860","1.1753","-0.52"
"Jan 14, 2015","1.1789","1.1772","1.1846","1.1726","0.14"
"Jan 15, 2015","1.1631","1.1789","1.1795","1.1570","-1.34"
"Jan 16, 2015","1.1570","1.1633","1.1650","1.1462","-0.52"
"Jan 19, 2015","1.1606","1.1551","1.1641","1.1545","0.31"
"Jan 20, 2015","1.1551","1.1606","1.1616","1.1540","-0.47"
"Jan 21, 2015","1.1610","1.1553","1.1677","1.1542","0.51"
"Jan 22, 2015","1.1366","1.1610","1.1648","1.1317","-2.10"
"Jan 23, 2015","1.1208","1.1366","1.1374","1.1114","-1.39"
"Jan 26, 2015","1.1239","1.1186","1.1297","1.1099","0.28"
"Jan 27, 2015","1.1381","1.1237","1.1423","1.1224","1.26"
"Jan 28, 2015","1.1288","1.1382","1.1385","1.1276","-0.82"
"Jan 29, 2015","1.1320","1.1287","1.1369","1.1261","0.28"
"Jan 30, 2015","1.1288","1.1321","1.1366","1.1279","-0.28"
"Feb 02, 2015","1.1342","1.1284","1.1364","1.1280","0.48"
"Feb 03, 2015","1.1481","1.1343","1.1534","1.1313","1.23"
"Feb 04, 2015","1.1347","1.1482","1.1486","1.1317","-1.17"
"Feb 05, 2015","1.1477","1.1345","1.1500","1.1304","1.15"
"Feb 06, 2015","1.1315","1.1477","1.1488","1.1313","-1.41"
"Feb 09, 2015","1.1324","1.1315","1.1359","1.1271","0.08"
"Feb 10, 2015","1.1321","1.1327","1.1347","1.1274","-0.03"
"Feb 11, 2015","1.1334","1.1321","1.1349","1.1280","0.11"
"Feb 12, 2015","1.1403","1.1334","1.1423","1.1302","0.61"
"Feb 13, 2015","1.1385","1.1403","1.1443","1.1380","-0.16"
"Feb 16, 2015","1.1353","1.1385","1.1429","1.1317","-0.28"
"Feb 17, 2015","1.1412","1.1354","1.1450","1.1322","0.52"
"Feb 18, 2015","1.1397","1.1412","1.1418","1.1334","-0.13"
"Feb 19, 2015","1.1366","1.1397","1.1450","1.1355","-0.27"
"Feb 20, 2015","1.1381","1.1370","1.1431","1.1280","0.13"
"Feb 23, 2015","1.1332","1.1385","1.1414","1.1296","-0.43"
"Feb 24, 2015","1.1341","1.1336","1.1360","1.1289","0.08"
"Feb 25, 2015","1.1362","1.1340","1.1389","1.1334","0.19"
"Feb 26, 2015","1.1198","1.1361","1.1381","1.1184","-1.44"
"Feb 27, 2015","1.1195","1.1199","1.1248","1.1178","-0.03"
"Mar 02, 2015","1.1185","1.1187","1.1242","1.1159","-0.09"
"Mar 03, 2015","1.1176","1.1183","1.1219","1.1155","-0.08"
"Mar 04, 2015","1.1079","1.1178","1.1187","1.1062","-0.87"
"Mar 05, 2015","1.1031","1.1079","1.1115","1.0989","-0.43"
"Mar 06, 2015","1.0844","1.1033","1.1035","1.0842","-1.70"
"Mar 09, 2015","1.0852","1.0832","1.0908","1.0823","0.07"
"Mar 10, 2015","1.0698","1.0851","1.0856","1.0692","-1.42"
"Mar 11, 2015","1.0547","1.0699","1.0718","1.0511","-1.41"
"Mar 12, 2015","1.0635","1.0547","1.0684","1.0495","0.83"
"Mar 13, 2015","1.0495","1.0637","1.0639","1.0462","-1.32"
"Mar 16, 2015","1.0568","1.0494","1.0621","1.0459","0.70"
"Mar 17, 2015","1.0598","1.0566","1.0650","1.0551","0.28"
"Mar 18, 2015","1.0867","1.0598","1.1033","1.0581","2.54"
"Mar 19, 2015","1.0660","1.0866","1.0915","1.0613","-1.90"
"Mar 20, 2015","1.0822","1.0661","1.0883","1.0650","1.52"
"Mar 23, 2015","1.0947","1.0837","1.0972","1.0768","1.16"
"Mar 24, 2015","1.0926","1.0947","1.1031","1.0892","-0.19"
"Mar 25, 2015","1.0972","1.0926","1.1016","1.0901","0.42"
"Mar 26, 2015","1.0884","1.0969","1.1052","1.0856","-0.80"
"Mar 27, 2015","1.0888","1.0886","1.0949","1.0802","0.04"
"Mar 30, 2015","1.0834","1.0889","1.0897","1.0811","-0.50"
"Mar 31, 2015","1.0731","1.0833","1.0846","1.0713","-0.95"
"Apr 01, 2015","1.0764","1.0735","1.0801","1.0719","0.31"
"Apr 02, 2015","1.0884","1.0764","1.0905","1.0751","1.11"
"Apr 03, 2015","1.0978","1.0883","1.1028","1.0864","0.86"
"Apr 06, 2015","1.0924","1.0991","1.1037","1.0911","-0.49"
"Apr 07, 2015","1.0816","1.0922","1.0957","1.0805","-0.99"
"Apr 08, 2015","1.0781","1.0816","1.0888","1.0764","-0.32"
"Apr 09, 2015","1.0659","1.0781","1.0789","1.0638","-1.13"
"Apr 10, 2015","1.0604","1.0660","1.0685","1.0569","-0.52"
"Apr 13, 2015","1.0568","1.0602","1.0619","1.0520","-0.34"
"Apr 14, 2015","1.0654","1.0566","1.0709","1.0530","0.81"
"Apr 15, 2015","1.0686","1.0655","1.0703","1.0572","0.30"
"Apr 16, 2015","1.0762","1.0684","1.0819","1.0625","0.71"
"Apr 17, 2015","1.0807","1.0762","1.0850","1.0737","0.42"
"Apr 20, 2015","1.0737","1.0821","1.0825","1.0713","-0.65"
"Apr 21, 2015","1.0736","1.0740","1.0784","1.0661","-0.01"
"Apr 22, 2015","1.0726","1.0736","1.0802","1.0709","-0.09"
"Apr 23, 2015","1.0827","1.0726","1.0848","1.0667","0.94"
"Apr 24, 2015","1.0874","1.0825","1.0901","1.0785","0.43"
"Apr 27, 2015","1.0888","1.0873","1.0928","1.0821","0.13"
"Apr 28, 2015","1.0981","1.0894","1.0991","1.0859","0.85"
"Apr 29, 2015","1.1132","1.0983","1.1189","1.0960","1.38"
"Apr 30, 2015","1.1225","1.1130","1.1269","1.1073","0.84"
"May 01, 2015","1.1202","1.1223","1.1290","1.1176","-0.20"
"May 04, 2015","1.1146","1.1202","1.1226","1.1123","-0.50"
"May 05, 2015","1.1186","1.1147","1.1223","1.1067","0.36"
"May 06, 2015","1.1353","1.1187","1.1372","1.1176","1.49"
"May 07, 2015","1.1267","1.1347","1.1393","1.1237","-0.76"
"May 08, 2015","1.1204","1.1267","1.1290","1.1178","-0.56"
"May 11, 2015","1.1155","1.1197","1.1207","1.1131","-0.44"
"May 12, 2015","1.1214","1.1155","1.1277","1.1134","0.53"
"May 13, 2015","1.1357","1.1214","1.1385","1.1204","1.28"
"May 14, 2015","1.1410","1.1359","1.1447","1.1341","0.47"
"May 15, 2015","1.1452","1.1410","1.1467","1.1324","0.37"
"May 18, 2015","1.1315","1.1441","1.1450","1.1298","-1.20"
"May 19, 2015","1.1149","1.1317","1.1328","1.1119","-1.47"
"May 20, 2015","1.1093","1.1150","1.1156","1.1063","-0.50"
"May 21, 2015","1.1113","1.1092","1.1181","1.1080","0.18"
"May 22, 2015","1.1018","1.1115","1.1211","1.1004","-0.85"
"May 25, 2015","1.0978","1.1006","1.1012","1.0961","-0.36"
"May 26, 2015","1.0873","1.0978","1.0985","1.0863","-0.96"
"May 27, 2015","1.0905","1.0873","1.0931","1.0820","0.29"
"May 28, 2015","1.0949","1.0905","1.0960","1.0869","0.40"
"May 29, 2015","1.0988","1.0948","1.1006","1.0926","0.36"
"Jun 01, 2015","1.0928","1.0989","1.0991","1.0888","-0.55"
"Jun 02, 2015","1.1155","1.0928","1.1193","1.0915","2.08"
"Jun 03, 2015","1.1275","1.1151","1.1284","1.1079","1.08"
"Jun 04, 2015","1.1239","1.1276","1.1381","1.1227","-0.32"
"Jun 05, 2015","1.1113","1.1239","1.1281","1.1050","-1.12"
"Jun 08, 2015","1.1292","1.1113","1.1307","1.1080","1.61"
"Jun 09, 2015","1.1284","1.1292","1.1345","1.1214","-0.07"
"Jun 10, 2015","1.1326","1.1286","1.1387","1.1261","0.37"
"Jun 11, 2015","1.1258","1.1325","1.1332","1.1183","-0.60"
"Jun 12, 2015","1.1269","1.1258","1.1298","1.1151","0.10"
"Jun 15, 2015","1.1284","1.1225","1.1294","1.1189","0.13"
"Jun 16, 2015","1.1248","1.1283","1.1331","1.1206","-0.32"
"Jun 17, 2015","1.1337","1.1249","1.1360","1.1213","0.79"
"Jun 18, 2015","1.1360","1.1337","1.1438","1.1331","0.20"
"Jun 19, 2015","1.1353","1.1360","1.1393","1.1292","-0.06"
"Jun 22, 2015","1.1341","1.1363","1.1411","1.1312","-0.11"
"Jun 23, 2015","1.1170","1.1341","1.1348","1.1135","-1.51"
"Jun 24, 2015","1.1207","1.1171","1.1237","1.1156","0.33"
"Jun 25, 2015","1.1204","1.1204","1.1227","1.1153","-0.03"
"Jun 26, 2015","1.1166","1.1207","1.1221","1.1131","-0.34"
"Jun 29, 2015","1.1236","1.1031","1.1279","1.0954","0.63"
"Jun 30, 2015","1.1138","1.1237","1.1246","1.1114","-0.87"
"Jul 01, 2015","1.1054","1.1139","1.1172","1.1042","-0.75"
"Jul 02, 2015","1.1084","1.1054","1.1124","1.1031","0.27"
"Jul 03, 2015","1.1114","1.1086","1.1119","1.1066","0.27"
"Jul 06, 2015","1.1057","1.0993","1.1097","1.0969","-0.51"
"Jul 07, 2015","1.1012","1.1056","1.1061","1.0917","-0.41"
"Jul 08, 2015","1.1077","1.1012","1.1094","1.0974","0.59"
"Jul 09, 2015","1.1038","1.1078","1.1126","1.0992","-0.35"
"Jul 10, 2015","1.1164","1.1037","1.1218","1.1031","1.14"
"Jul 13, 2015","1.1004","1.1107","1.1197","1.0995","-1.43"
"Jul 14, 2015","1.1012","1.1004","1.1084","1.0966","0.07"
"Jul 15, 2015","1.0949","1.1010","1.1035","1.0930","-0.57"
"Jul 16, 2015","1.0875","1.0947","1.0964","1.0856","-0.68"
"Jul 17, 2015","1.0829","1.0875","1.0907","1.0827","-0.42"
"Jul 20, 2015","1.0827","1.0833","1.0872","1.0810","-0.02"
"Jul 21, 2015","1.0937","1.0825","1.0970","1.0811","1.02"
"Jul 22, 2015","1.0934","1.0936","1.0966","1.0869","-0.03"
"Jul 23, 2015","1.0983","1.0928","1.1019","1.0922","0.45"
"Jul 24, 2015","1.0984","1.0983","1.0997","1.0926","0.01"
"Jul 27, 2015","1.1094","1.0974","1.1130","1.0970","1.00"
"Jul 28, 2015","1.1059","1.1089","1.1101","1.1022","-0.32"
"Jul 29, 2015","1.0986","1.1061","1.1086","1.0967","-0.66"
"Jul 30, 2015","1.0933","1.0987","1.0992","1.0894","-0.48"
"Jul 31, 2015","1.0988","1.0934","1.1114","1.0921","0.50"
"Aug 03, 2015","1.0951","1.0970","1.0997","1.0941","-0.34"
"Aug 04, 2015","1.0882","1.0951","1.0989","1.0877","-0.63"
"Aug 05, 2015","1.0906","1.0883","1.0938","1.0849","0.22"
"Aug 06, 2015","1.0925","1.0909","1.0944","1.0876","0.17"
"Aug 07, 2015","1.0968","1.0930","1.0981","1.0857","0.39"
"Aug 10, 2015","1.1019","1.0969","1.1044","1.0927","0.46"
"Aug 11, 2015","1.1040","1.1019","1.1088","1.0960","0.19"
"Aug 12, 2015","1.1157","1.1040","1.1212","1.1023","1.06"
"Aug 13, 2015","1.1149","1.1157","1.1189","1.1080","-0.07"
"Aug 14, 2015","1.1107","1.1149","1.1189","1.1096","-0.38"
"Aug 17, 2015","1.1081","1.1106","1.1125","1.1058","-0.23"
"Aug 18, 2015","1.1021","1.1083","1.1096","1.1018","-0.54"
"Aug 19, 2015","1.1119","1.1023","1.1137","1.1019","0.89"
"Aug 20, 2015","1.1242","1.1117","1.1246","1.1105","1.11"
"Aug 21, 2015","1.1389","1.1244","1.1393","1.1229","1.31"
"Aug 24, 2015","1.1620","1.1363","1.1713","1.1363","2.03"
"Aug 25, 2015","1.1517","1.1619","1.1625","1.1399","-0.89"
"Aug 26, 2015","1.1315","1.1515","1.1561","1.1290","-1.75"
"Aug 27, 2015","1.1245","1.1314","1.1366","1.1204","-0.62"
"Aug 28, 2015","1.1179","1.1247","1.1310","1.1156","-0.59"
"Aug 31, 2015","1.1214","1.1176","1.1265","1.1162","0.31"
"Sep 01, 2015","1.1319","1.1211","1.1333","1.1206","0.94"
"Sep 02, 2015","1.1227","1.1311","1.1319","1.1214","-0.81"
"Sep 03, 2015","1.1124","1.1227","1.1246","1.1088","-0.92"
"Sep 04, 2015","1.1147","1.1124","1.1181","1.1089","0.21"
"Sep 07, 2015","1.1168","1.1157","1.1178","1.1120","0.19"
"Sep 08, 2015","1.1200","1.1170","1.1229","1.1152","0.29"
"Sep 09, 2015","1.1207","1.1202","1.1219","1.1133","0.06"
"Sep 10, 2015","1.1280","1.1209","1.1299","1.1174","0.65"
"Sep 11, 2015","1.1340","1.1279","1.1349","1.1254","0.53"
"Sep 14, 2015","1.1321","1.1338","1.1375","1.1285","-0.17"
"Sep 15, 2015","1.1267","1.1313","1.1328","1.1258","-0.48"
"Sep 16, 2015","1.1290","1.1267","1.1321","1.1212","0.20"
"Sep 17, 2015","1.1437","1.1290","1.1442","1.1284","1.30"
"Sep 18, 2015","1.1305","1.1435","1.1460","1.1267","-1.15"
"Sep 21, 2015","1.1189","1.1284","1.1332","1.1183","-1.03"
"Sep 22, 2015","1.1120","1.1188","1.1209","1.1114","-0.62"
"Sep 23, 2015","1.1187","1.1120","1.1214","1.1105","0.60"
"Sep 24, 2015","1.1230","1.1185","1.1296","1.1164","0.38"
"Sep 25, 2015","1.1195","1.1227","1.1231","1.1115","-0.31"
"Sep 28, 2015","1.1246","1.1195","1.1250","1.1149","0.46"
"Sep 29, 2015","1.1249","1.1247","1.1285","1.1196","0.03"
"Sep 30, 2015","1.1177","1.1246","1.1262","1.1157","-0.64"
"Oct 01, 2015","1.1195","1.1176","1.1210","1.1134","0.16"
"Oct 02, 2015","1.1211","1.1196","1.1319","1.1151","0.14"
"Oct 05, 2015","1.1185","1.1220","1.1290","1.1170","-0.23"
"Oct 06, 2015","1.1271","1.1193","1.1282","1.1174","0.77"
"Oct 07, 2015","1.1235","1.1269","1.1284","1.1210","-0.32"
"Oct 08, 2015","1.1279","1.1235","1.1325","1.1232","0.39"
"Oct 09, 2015","1.1358","1.1282","1.1391","1.1269","0.70"
"Oct 12, 2015","1.1355","1.1355","1.1397","1.1351","-0.03"
"Oct 13, 2015","1.1379","1.1358","1.1413","1.1346","0.21"
"Oct 14, 2015","1.1473","1.1378","1.1490","1.1374","0.83"
"Oct 15, 2015","1.1383","1.1474","1.1496","1.1363","-0.78"
"Oct 16, 2015","1.1347","1.1383","1.1397","1.1334","-0.32"
"Oct 19, 2015","1.1327","1.1352","1.1382","1.1307","-0.18"
"Oct 20, 2015","1.1345","1.1326","1.1387","1.1324","0.16"
"Oct 21, 2015","1.1339","1.1347","1.1380","1.1335","-0.05"
"Oct 22, 2015","1.1107","1.1338","1.1351","1.1098","-2.05"
"Oct 23, 2015","1.1018","1.1111","1.1142","1.0997","-0.80"
"Oct 26, 2015","1.1056","1.1008","1.1069","1.0987","0.34"
"Oct 27, 2015","1.1048","1.1056","1.1079","1.1029","-0.07"
"Oct 28, 2015","1.0920","1.1050","1.1096","1.0894","-1.16"
"Oct 29, 2015","1.0976","1.0924","1.0985","1.0903","0.51"
"Oct 30, 2015","1.1006","1.0976","1.1073","1.0964","0.27"
"Nov 02, 2015","1.1015","1.1015","1.1053","1.1001","0.08"
"Nov 03, 2015","1.0968","1.1014","1.1031","1.0936","-0.43"
"Nov 04, 2015","1.0863","1.0962","1.0968","1.0842","-0.96"
"Nov 05, 2015","1.0884","1.0865","1.0898","1.0835","0.19"
"Nov 06, 2015","1.0741","1.0886","1.0896","1.0709","-1.31"
"Nov 09, 2015","1.0752","1.0738","1.0793","1.0719","0.10"
"Nov 10, 2015","1.0724","1.0751","1.0764","1.0673","-0.26"
"Nov 11, 2015","1.0744","1.0724","1.0774","1.0705","0.19"
"Nov 12, 2015","1.0817","1.0743","1.0829","1.0690","0.68"
"Nov 13, 2015","1.0779","1.0816","1.0818","1.0715","-0.35"
"Nov 16, 2015","1.0686","1.0751","1.0781","1.0675","-0.86"
"Nov 17, 2015","1.0644","1.0690","1.0696","1.0633","-0.39"
"Nov 18, 2015","1.0659","1.0640","1.0694","1.0617","0.14"
"Nov 19, 2015","1.0734","1.0657","1.0764","1.0654","0.70"
"Nov 20, 2015","1.0646","1.0736","1.0745","1.0641","-0.82"
"Nov 23, 2015","1.0636","1.0647","1.0658","1.0593","-0.09"
"Nov 24, 2015","1.0641","1.0634","1.0674","1.0620","0.05"
"Nov 25, 2015","1.0627","1.0642","1.0690","1.0566","-0.13"
"Nov 26, 2015","1.0610","1.0627","1.0633","1.0600","-0.16"
"Nov 27, 2015","1.0593","1.0610","1.0640","1.0570","-0.16"
"Nov 30, 2015","1.0564","1.0591","1.0596","1.0558","-0.27"
"Dec 01, 2015","1.0631","1.0566","1.0638","1.0562","0.63"
"Dec 02, 2015","1.0615","1.0633","1.0644","1.0553","-0.15"
"Dec 03, 2015","1.0941","1.0616","1.0983","1.0541","3.07"
"Dec 04, 2015","1.0886","1.0939","1.0957","1.0837","-0.50"
"Dec 07, 2015","1.0835","1.0859","1.0888","1.0795","-0.47"
"Dec 08, 2015","1.0894","1.0835","1.0901","1.0827","0.54"
"Dec 09, 2015","1.1025","1.0888","1.1042","1.0877","1.20"
"Dec 10, 2015","1.0941","1.1027","1.1029","1.0924","-0.76"
"Dec 11, 2015","1.0989","1.0943","1.1033","1.0926","0.44"
"Dec 14, 2015","1.0992","1.0985","1.1050","1.0946","0.03"
"Dec 15, 2015","1.0928","1.0991","1.1059","1.0903","-0.58"
"Dec 16, 2015","1.0913","1.0932","1.1008","1.0888","-0.14"
"Dec 17, 2015","1.0825","1.0915","1.0915","1.0800","-0.81"
"Dec 18, 2015","1.0868","1.0828","1.0877","1.0806","0.40"
"Dec 21, 2015","1.0915","1.0863","1.0941","1.0848","0.43"
"Dec 22, 2015","1.0955","1.0913","1.0985","1.0901","0.37"
"Dec 23, 2015","1.0909","1.0955","1.0957","1.0869","-0.42"
"Dec 24, 2015","1.0972","1.0913","1.0976","1.0903","0.58"
"Dec 25, 2015","1.0977","1.0973","1.0979","1.0945","0.05"
"Dec 28, 2015","1.0968","1.0965","1.0995","1.0951","-0.08"
"Dec 29, 2015","1.0917","1.0968","1.0992","1.0899","-0.46"
"Dec 30, 2015","1.0932","1.0920","1.0947","1.0903","0.14"
"Dec 31, 2015","1.0861","1.0932","1.0938","1.0850","-0.65"
"Jan 01, 2016","1.0860","1.0862","1.0869","1.0845","-0.01"
"Jan 04, 2016","1.0831","1.0858","1.0949","1.0783","-0.27"
"Jan 05, 2016","1.0748","1.0831","1.0840","1.0711","-0.77"
"Jan 06, 2016","1.0781","1.0749","1.0802","1.0721","0.31"
"Jan 07, 2016","1.0936","1.0779","1.0941","1.0770","1.44"
"Jan 08, 2016","1.0932","1.0934","1.0936","1.0804","-0.04"
"Jan 11, 2016","1.0860","1.0923","1.0969","1.0847","-0.66"
"Jan 12, 2016","1.0857","1.0859","1.0904","1.0822","-0.03"
"Jan 13, 2016","1.0877","1.0858","1.0891","1.0807","0.18"
"Jan 14, 2016","1.0865","1.0880","1.0945","1.0835","-0.11"
"Jan 15, 2016","1.0917","1.0866","1.0987","1.0855","0.48"
"Jan 18, 2016","1.0892","1.0918","1.0941","1.0869","-0.23"
"Jan 19, 2016","1.0909","1.0892","1.0941","1.0861","0.16"
"Jan 20, 2016","1.0891","1.0910","1.0977","1.0877","-0.16"
"Jan 21, 2016","1.0874","1.0893","1.0922","1.0779","-0.16"
"Jan 22, 2016","1.0797","1.0874","1.0879","1.0790","-0.71"
"Jan 25, 2016","1.0849","1.0799","1.0858","1.0788","0.48"
"Jan 26, 2016","1.0871","1.0850","1.0875","1.0819","0.20"
"Jan 27, 2016","1.0893","1.0871","1.0917","1.0851","0.20"
"Jan 28, 2016","1.0939","1.0891","1.0969","1.0869","0.42"
"Jan 29, 2016","1.0837","1.0938","1.0951","1.0812","-0.93"
"Feb 01, 2016","1.0888","1.0833","1.0915","1.0814","0.47"
"Feb 02, 2016","1.0919","1.0892","1.0944","1.0886","0.28"
"Feb 03, 2016","1.1104","1.0917","1.1146","1.0903","1.69"
"Feb 04, 2016","1.1208","1.1104","1.1240","1.1070","0.94"
"Feb 05, 2016","1.1159","1.1209","1.1246","1.1110","-0.44"
"Feb 08, 2016","1.1198","1.1159","1.1218","1.1087","0.35"
"Feb 09, 2016","1.1293","1.1197","1.1339","1.1163","0.85"
"Feb 10, 2016","1.1290","1.1292","1.1311","1.1159","-0.03"
"Feb 11, 2016","1.1324","1.1292","1.1378","1.1274","0.30"
"Feb 12, 2016","1.1260","1.1328","1.1335","1.1215","-0.57"
"Feb 15, 2016","1.1155","1.1251","1.1253","1.1127","-0.93"
"Feb 16, 2016","1.1144","1.1155","1.1196","1.1123","-0.10"
"Feb 17, 2016","1.1128","1.1143","1.1180","1.1104","-0.14"
"Feb 18, 2016","1.1107","1.1130","1.1153","1.1072","-0.19"
"Feb 19, 2016","1.1134","1.1107","1.1140","1.1067","0.24"
"Feb 22, 2016","1.1029","1.1128","1.1137","1.1003","-0.94"
"Feb 23, 2016","1.1020","1.1031","1.1055","1.0991","-0.08"
"Feb 24, 2016","1.1013","1.1019","1.1047","1.0957","-0.06"
"Feb 25, 2016","1.1023","1.1014","1.1052","1.0987","0.09"
"Feb 26, 2016","1.0934","1.1020","1.1071","1.0913","-0.81"
"Feb 29, 2016","1.0873","1.0932","1.0964","1.0858","-0.56"
"Mar 01, 2016","1.0867","1.0873","1.0896","1.0835","-0.06"
"Mar 02, 2016","1.0868","1.0868","1.0881","1.0825","0.01"
"Mar 03, 2016","1.0957","1.0867","1.0974","1.0853","0.82"
"Mar 04, 2016","1.1004","1.0958","1.1045","1.0903","0.43"
"Mar 07, 2016","1.1014","1.1008","1.1027","1.0940","0.09"
"Mar 08, 2016","1.1011","1.1014","1.1059","1.0992","-0.03"
"Mar 09, 2016","1.0999","1.1012","1.1037","1.0946","-0.11"
"Mar 10, 2016","1.1177","1.0998","1.1218","1.0821","1.62"
"Mar 11, 2016","1.1153","1.1177","1.1212","1.1081","-0.21"
"Mar 14, 2016","1.1106","1.1151","1.1177","1.1076","-0.42"
"Mar 15, 2016","1.1109","1.1100","1.1125","1.1071","0.03"
"Mar 16, 2016","1.1225","1.1110","1.1245","1.1058","1.04"
"Mar 17, 2016","1.1319","1.1224","1.1344","1.1205","0.84"
"Mar 18, 2016","1.1270","1.1319","1.1339","1.1257","-0.43"
"Mar 21, 2016","1.1241","1.1270","1.1286","1.1235","-0.26"
"Mar 22, 2016","1.1217","1.1245","1.1263","1.1190","-0.21"
"Mar 23, 2016","1.1184","1.1218","1.1224","1.1158","-0.29"
"Mar 24, 2016","1.1174","1.1179","1.1188","1.1143","-0.09"
"Mar 25, 2016","1.1166","1.1176","1.1189","1.1153","-0.07"
"Mar 28, 2016","1.1196","1.1164","1.1221","1.1154","0.27"
"Mar 29, 2016","1.1291","1.1198","1.1305","1.1168","0.85"
"Mar 30, 2016","1.1338","1.1290","1.1366","1.1281","0.42"
"Mar 31, 2016","1.1380","1.1338","1.1413","1.1309","0.37"
"Apr 01, 2016","1.1387","1.1380","1.1439","1.1334","0.06"
"Apr 04, 2016","1.1392","1.1393","1.1414","1.1357","0.04"
"Apr 05, 2016","1.1384","1.1389","1.1406","1.1336","-0.07"
"Apr 06, 2016","1.1399","1.1384","1.1434","1.1327","0.13"
"Apr 07, 2016","1.1377","1.1398","1.1455","1.1337","-0.19"
"Apr 08, 2016","1.1401","1.1379","1.1421","1.1350","0.21"
"Apr 11, 2016","1.1408","1.1407","1.1448","1.1373","0.06"
"Apr 12, 2016","1.1386","1.1408","1.1466","1.1347","-0.19"
"Apr 13, 2016","1.1274","1.1385","1.1393","1.1266","-0.98"
"Apr 14, 2016","1.1268","1.1274","1.1296","1.1234","-0.05"
"Apr 15, 2016","1.1283","1.1271","1.1320","1.1246","0.13"
"Apr 18, 2016","1.1314","1.1297","1.1334","1.1274","0.27"
"Apr 19, 2016","1.1358","1.1314","1.1387","1.1302","0.39"
"Apr 20, 2016","1.1297","1.1356","1.1388","1.1288","-0.54"
"Apr 21, 2016","1.1288","1.1297","1.1396","1.1272","-0.08"
"Apr 22, 2016","1.1233","1.1290","1.1311","1.1220","-0.49"
"Apr 25, 2016","1.1266","1.1231","1.1280","1.1216","0.29"
"Apr 26, 2016","1.1298","1.1265","1.1338","1.1254","0.28"
"Apr 27, 2016","1.1321","1.1298","1.1364","1.1274","0.20"
"Apr 28, 2016","1.1353","1.1320","1.1370","1.1296","0.28"
"Apr 29, 2016","1.1456","1.1354","1.1461","1.1335","0.91"
"May 02, 2016","1.1532","1.1447","1.1539","1.1446","0.66"
"May 03, 2016","1.1497","1.1533","1.1616","1.1495","-0.30"
"May 04, 2016","1.1487","1.1496","1.1530","1.1467","-0.09"
"May 05, 2016","1.1405","1.1486","1.1496","1.1385","-0.71"
"May 06, 2016","1.1405","1.1408","1.1479","1.1387","0.00"
"May 09, 2016","1.1383","1.1401","1.1422","1.1375","-0.19"
"May 10, 2016","1.1372","1.1385","1.1413","1.1361","-0.10"
"May 11, 2016","1.1427","1.1373","1.1448","1.1368","0.48"
"May 12, 2016","1.1377","1.1426","1.1434","1.1368","-0.44"
"May 13, 2016","1.1308","1.1378","1.1383","1.1284","-0.61"
"May 16, 2016","1.1320","1.1311","1.1346","1.1302","0.11"
"May 17, 2016","1.1314","1.1321","1.1350","1.1303","-0.05"
"May 18, 2016","1.1217","1.1313","1.1327","1.1212","-0.86"
"May 19, 2016","1.1203","1.1216","1.1230","1.1179","-0.12"
"May 20, 2016","1.1224","1.1204","1.1239","1.1194","0.19"
"May 23, 2016","1.1219","1.1218","1.1246","1.1187","-0.04"
"May 24, 2016","1.1141","1.1219","1.1228","1.1130","-0.70"
"May 25, 2016","1.1155","1.1141","1.1169","1.1128","0.13"
"May 26, 2016","1.1194","1.1154","1.1218","1.1144","0.35"
"May 27, 2016","1.1115","1.1193","1.1201","1.1107","-0.71"
"May 30, 2016","1.1147","1.1117","1.1149","1.1098","0.29"
"May 31, 2016","1.1132","1.1138","1.1176","1.1123","-0.13"
"Jun 01, 2016","1.1188","1.1133","1.1198","1.1114","0.50"
"Jun 02, 2016","1.1151","1.1189","1.1221","1.1142","-0.33"
"Jun 03, 2016","1.1367","1.1152","1.1377","1.1136","1.94"
"Jun 06, 2016","1.1355","1.1353","1.1395","1.1328","-0.11"
"Jun 07, 2016","1.1358","1.1355","1.1382","1.1338","0.03"
"Jun 08, 2016","1.1394","1.1358","1.1412","1.1349","0.32"
"Jun 09, 2016","1.1316","1.1399","1.1417","1.1305","-0.68"
"Jun 10, 2016","1.1251","1.1317","1.1329","1.1245","-0.57"
"Jun 13, 2016","1.1292","1.1253","1.1304","1.1233","0.36"
"Jun 14, 2016","1.1208","1.1293","1.1304","1.1188","-0.74"
"Jun 15, 2016","1.1259","1.1205","1.1299","1.1190","0.46"
"Jun 16, 2016","1.1226","1.1260","1.1298","1.1132","-0.29"
"Jun 17, 2016","1.1277","1.1226","1.1299","1.1221","0.45"
"Jun 20, 2016","1.1314","1.1285","1.1386","1.1284","0.33"
"Jun 21, 2016","1.1242","1.1312","1.1351","1.1241","-0.64"
"Jun 22, 2016","1.1297","1.1242","1.1339","1.1236","0.49"
"Jun 23, 2016","1.1389","1.1298","1.1424","1.1296","0.81"
"Jun 24, 2016","1.1117","1.1392","1.1434","1.0911","-2.39"
"Jun 27, 2016","1.1026","1.1072","1.1087","1.0972","-0.82"
"Jun 28, 2016","1.1067","1.1025","1.1111","1.1008","0.37"
"Jun 29, 2016","1.1125","1.1065","1.1131","1.1048","0.52"
"Jun 30, 2016","1.1105","1.1124","1.1157","1.1023","-0.18"
"Jul 01, 2016","1.1136","1.1104","1.1169","1.1070","0.28"
"Jul 04, 2016","1.1156","1.1142","1.1166","1.1097","0.18"
"Jul 05, 2016","1.1076","1.1154","1.1184","1.1059","-0.72"
"Jul 06, 2016","1.1099","1.1075","1.1111","1.1029","0.21"
"Jul 07, 2016","1.1063","1.1101","1.1113","1.1053","-0.32"
"Jul 08, 2016","1.1054","1.1063","1.1115","1.1002","-0.08"
"Jul 11, 2016","1.1058","1.1052","1.1076","1.1016","0.04"
"Jul 12, 2016","1.1059","1.1058","1.1128","1.1051","0.01"
"Jul 13, 2016","1.1090","1.1061","1.1121","1.1043","0.28"
"Jul 14, 2016","1.1120","1.1089","1.1166","1.1085","0.27"
"Jul 15, 2016","1.1036","1.1118","1.1150","1.1023","-0.76"
"Jul 18, 2016","1.1074","1.1043","1.1086","1.1038","0.34"
"Jul 19, 2016","1.1022","1.1073","1.1086","1.0999","-0.47"
"Jul 20, 2016","1.1015","1.1020","1.1032","1.0981","-0.06"
"Jul 21, 2016","1.1025","1.1013","1.1060","1.0981","0.09"
"Jul 22, 2016","1.0976","1.1030","1.1043","1.0954","-0.44"
"Jul 25, 2016","1.0994","1.0972","1.1002","1.0954","0.16"
"Jul 26, 2016","1.0987","1.0997","1.1031","1.0978","-0.06"
"Jul 27, 2016","1.1058","1.0986","1.1068","1.0963","0.65"
"Jul 28, 2016","1.1075","1.1058","1.1119","1.1048","0.15"
"Jul 29, 2016","1.1174","1.1079","1.1200","1.1071","0.89"
"Aug 01, 2016","1.1162","1.1177","1.1187","1.1157","-0.11"
"Aug 02, 2016","1.1227","1.1162","1.1235","1.1155","0.58"
"Aug 03, 2016","1.1149","1.1224","1.1233","1.1139","-0.69"
"Aug 04, 2016","1.1130","1.1149","1.1158","1.1114","-0.17"
"Aug 05, 2016","1.1086","1.1128","1.1162","1.1044","-0.40"
"Aug 08, 2016","1.1092","1.1088","1.1107","1.1073","0.05"
"Aug 09, 2016","1.1119","1.1090","1.1125","1.1070","0.24"
"Aug 10, 2016","1.1176","1.1117","1.1193","1.1103","0.51"
"Aug 11, 2016","1.1137","1.1175","1.1194","1.1133","-0.35"
"Aug 12, 2016","1.1161","1.1139","1.1224","1.1130","0.22"
"Aug 15, 2016","1.1184","1.1162","1.1203","1.1153","0.21"
"Aug 16, 2016","1.1278","1.1182","1.1324","1.1175","0.84"
"Aug 17, 2016","1.1288","1.1279","1.1317","1.1241","0.09"
"Aug 18, 2016","1.1354","1.1293","1.1367","1.1283","0.58"
"Aug 19, 2016","1.1326","1.1351","1.1363","1.1303","-0.25"
"Aug 22, 2016","1.1319","1.1306","1.1334","1.1273","-0.06"
"Aug 23, 2016","1.1306","1.1321","1.1357","1.1302","-0.11"
"Aug 24, 2016","1.1263","1.1305","1.1315","1.1244","-0.38"
"Aug 25, 2016","1.1283","1.1266","1.1301","1.1258","0.18"
"Aug 26, 2016","1.1198","1.1284","1.1343","1.1180","-0.75"
"Aug 29, 2016","1.1189","1.1192","1.1208","1.1157","-0.08"
"Aug 30, 2016","1.1143","1.1189","1.1198","1.1130","-0.41"
"Aug 31, 2016","1.1158","1.1143","1.1167","1.1123","0.13"
"Sep 01, 2016","1.1198","1.1157","1.1207","1.1128","0.36"
"Sep 02, 2016","1.1156","1.1197","1.1254","1.1151","-0.38"
"Sep 05, 2016","1.1147","1.1153","1.1185","1.1140","-0.08"
"Sep 06, 2016","1.1256","1.1147","1.1267","1.1140","0.98"
"Sep 07, 2016","1.1239","1.1255","1.1271","1.1228","-0.15"
"Sep 08, 2016","1.1261","1.1240","1.1329","1.1234","0.20"
"Sep 09, 2016","1.1233","1.1262","1.1288","1.1200","-0.25"
"Sep 12, 2016","1.1234","1.1232","1.1269","1.1211","0.01"
"Sep 13, 2016","1.1220","1.1236","1.1262","1.1203","-0.12"
"Sep 14, 2016","1.1250","1.1216","1.1274","1.1208","0.27"
"Sep 15, 2016","1.1244","1.1249","1.1286","1.1220","-0.05"
"Sep 16, 2016","1.1155","1.1244","1.1256","1.1147","-0.79"
"Sep 19, 2016","1.1174","1.1161","1.1198","1.1147","0.17"
"Sep 20, 2016","1.1155","1.1178","1.1216","1.1147","-0.17"
"Sep 21, 2016","1.1189","1.1152","1.1200","1.1123","0.30"
"Sep 22, 2016","1.1208","1.1193","1.1258","1.1181","0.17"
"Sep 23, 2016","1.1226","1.1209","1.1244","1.1195","0.16"
"Sep 26, 2016","1.1254","1.1221","1.1279","1.1220","0.25"
"Sep 27, 2016","1.1215","1.1253","1.1262","1.1190","-0.35"
"Sep 28, 2016","1.1216","1.1214","1.1238","1.1181","0.01"
"Sep 29, 2016","1.1223","1.1217","1.1251","1.1197","0.06"
"Sep 30, 2016","1.1241","1.1225","1.1253","1.1153","0.16"
"Oct 03, 2016","1.1211","1.1235","1.1245","1.1205","-0.27"
"Oct 04, 2016","1.1204","1.1210","1.1240","1.1138","-0.06"
"Oct 05, 2016","1.1206","1.1206","1.1237","1.1191","0.02"
"Oct 06, 2016","1.1151","1.1205","1.1214","1.1139","-0.49"
"Oct 07, 2016","1.1201","1.1151","1.1207","1.1103","0.45"
"Oct 10, 2016","1.1138","1.1196","1.1202","1.1128","-0.56"
"Oct 11, 2016","1.1054","1.1136","1.1144","1.1047","-0.75"
"Oct 12, 2016","1.1008","1.1053","1.1072","1.1003","-0.42"
"Oct 13, 2016","1.1056","1.1004","1.1058","1.0983","0.44"
"Oct 14, 2016","1.0971","1.1056","1.1062","1.0968","-0.77"
"Oct 17, 2016","1.0999","1.0975","1.1011","1.0965","0.26"
"Oct 18, 2016","1.0981","1.1000","1.1029","1.0970","-0.16"
"Oct 19, 2016","1.0974","1.0981","1.1006","1.0955","-0.06"
"Oct 20, 2016","1.0930","1.0974","1.1041","1.0916","-0.40"
"Oct 21, 2016","1.0884","1.0929","1.0933","1.0859","-0.42"
"Oct 24, 2016","1.0883","1.0879","1.0903","1.0861","-0.01"
"Oct 25, 2016","1.0888","1.0882","1.0906","1.0850","0.05"
"Oct 26, 2016","1.0909","1.0889","1.0947","1.0872","0.19"
"Oct 27, 2016","1.0897","1.0909","1.0945","1.0884","-0.11"
"Oct 28, 2016","1.0987","1.0899","1.0995","1.0893","0.83"
"Oct 31, 2016","1.0981","1.0986","1.0994","1.0936","-0.05"
"Nov 01, 2016","1.1056","1.0981","1.1071","1.0958","0.68"
"Nov 02, 2016","1.1097","1.1056","1.1126","1.1051","0.37"
"Nov 03, 2016","1.1105","1.1098","1.1128","1.1059","0.07"
"Nov 04, 2016","1.1138","1.1105","1.1146","1.1080","0.30"
"Nov 07, 2016","1.1040","1.1137","1.1139","1.1029","-0.88"
"Nov 08, 2016","1.1026","1.1042","1.1070","1.1008","-0.13"
"Nov 09, 2016","1.0909","1.1023","1.1300","1.0903","-1.06"
"Nov 10, 2016","1.0893","1.0911","1.0958","1.0866","-0.15"
"Nov 11, 2016","1.0856","1.0897","1.0929","1.0833","-0.34"
"Nov 14, 2016","1.0737","1.0850","1.0852","1.0709","-1.10"
"Nov 15, 2016","1.0722","1.0736","1.0817","1.0711","-0.14"
"Nov 16, 2016","1.0690","1.0724","1.0764","1.0667","-0.30"
"Nov 17, 2016","1.0626","1.0690","1.0746","1.0617","-0.60"
"Nov 18, 2016","1.0588","1.0625","1.0645","1.0570","-0.36"
"Nov 21, 2016","1.0629","1.0583","1.0652","1.0579","0.39"
"Nov 22, 2016","1.0626","1.0627","1.0660","1.0583","-0.03"
"Nov 23, 2016","1.0560","1.0629","1.0646","1.0526","-0.62"
"Nov 24, 2016","1.0554","1.0554","1.0587","1.0517","-0.06"
"Nov 25, 2016","1.0587","1.0551","1.0631","1.0538","0.31"
"Nov 28, 2016","1.0615","1.0595","1.0686","1.0563","0.26"
"Nov 29, 2016","1.0650","1.0615","1.0657","1.0565","0.33"
"Nov 30, 2016","1.0588","1.0649","1.0669","1.0554","-0.58"
"Dec 01, 2016","1.0662","1.0590","1.0670","1.0584","0.70"
"Dec 02, 2016","1.0673","1.0663","1.0692","1.0625","0.10"
"Dec 05, 2016","1.0764","1.0674","1.0798","1.0505","0.85"
"Dec 06, 2016","1.0719","1.0764","1.0787","1.0698","-0.42"
"Dec 07, 2016","1.0753","1.0721","1.0770","1.0709","0.32"
"Dec 08, 2016","1.0615","1.0753","1.0873","1.0596","-1.28"
"Dec 09, 2016","1.0562","1.0618","1.0632","1.0531","-0.50"
"Dec 12, 2016","1.0635","1.0551","1.0652","1.0524","0.69"
"Dec 13, 2016","1.0627","1.0635","1.0668","1.0603","-0.08"
"Dec 14, 2016","1.0537","1.0627","1.0671","1.0495","-0.85"
"Dec 15, 2016","1.0414","1.0536","1.0544","1.0366","-1.17"
"Dec 16, 2016","1.0451","1.0419","1.0477","1.0402","0.36"
"Dec 19, 2016","1.0402","1.0442","1.0480","1.0391","-0.47"
"Dec 20, 2016","1.0387","1.0405","1.0419","1.0352","-0.14"
"Dec 21, 2016","1.0425","1.0389","1.0452","1.0381","0.37"
"Dec 22, 2016","1.0437","1.0423","1.0501","1.0421","0.12"
"Dec 23, 2016","1.0457","1.0438","1.0469","1.0427","0.19"
"Dec 26, 2016","1.0456","1.0454","1.0473","1.0439","-0.01"
"Dec 27, 2016","1.0457","1.0453","1.0465","1.0431","0.01"
"Dec 28, 2016","1.0412","1.0459","1.0484","1.0373","-0.43"
"Dec 29, 2016","1.0492","1.0417","1.0494","1.0406","0.77"
"Dec 30, 2016","1.0516","1.0492","1.0654","1.0482","0.23"
"Jan 02, 2017","1.0459","1.0532","1.0534","1.0448","-0.54"
"Jan 03, 2017","1.0406","1.0455","1.0492","1.0341","-0.51"
"Jan 04, 2017","1.0488","1.0405","1.0501","1.0389","0.79"
"Jan 05, 2017","1.0607","1.0493","1.0619","1.0482","1.13"
"Jan 06, 2017","1.0533","1.0606","1.0624","1.0523","-0.70"
"Jan 09, 2017","1.0574","1.0539","1.0584","1.0510","0.39"
"Jan 10, 2017","1.0554","1.0573","1.0628","1.0551","-0.19"
"Jan 11, 2017","1.0582","1.0556","1.0624","1.0454","0.27"
"Jan 12, 2017","1.0613","1.0583","1.0687","1.0573","0.29"
"Jan 13, 2017","1.0644","1.0612","1.0674","1.0598","0.29"
"Jan 16, 2017","1.0603","1.0618","1.0638","1.0580","-0.39"
"Jan 17, 2017","1.0713","1.0600","1.0720","1.0595","1.04"
"Jan 18, 2017","1.0631","1.0713","1.0715","1.0625","-0.77"
"Jan 19, 2017","1.0664","1.0629","1.0677","1.0588","0.31"
"Jan 20, 2017","1.0703","1.0667","1.0713","1.0627","0.37"
"Jan 23, 2017","1.0765","1.0687","1.0773","1.0686","0.58"
"Jan 24, 2017","1.0731","1.0763","1.0775","1.0718","-0.32"
"Jan 25, 2017","1.0748","1.0734","1.0773","1.0713","0.16"
"Jan 26, 2017","1.0682","1.0746","1.0767","1.0657","-0.61"
"Jan 27, 2017","1.0699","1.0685","1.0729","1.0661","0.16"
"Jan 30, 2017","1.0695","1.0692","1.0743","1.0620","-0.04"
"Jan 31, 2017","1.0798","1.0695","1.0814","1.0684","0.96"
"Feb 01, 2017","1.0769","1.0798","1.0810","1.0731","-0.27"
"Feb 02, 2017","1.0758","1.0766","1.0829","1.0753","-0.10"
"Feb 03, 2017","1.0784","1.0759","1.0800","1.0714","0.24"
"Feb 06, 2017","1.0750","1.0781","1.0801","1.0703","-0.32"
"Feb 07, 2017","1.0681","1.0750","1.0751","1.0654","-0.64"
"Feb 08, 2017","1.0699","1.0682","1.0715","1.0640","0.17"
"Feb 09, 2017","1.0656","1.0699","1.0711","1.0650","-0.40"
"Feb 10, 2017","1.0641","1.0658","1.0670","1.0609","-0.14"
"Feb 13, 2017","1.0598","1.0633","1.0659","1.0591","-0.40"
"Feb 14, 2017","1.0577","1.0596","1.0633","1.0560","-0.20"
"Feb 15, 2017","1.0601","1.0577","1.0611","1.0523","0.23"
"Feb 16, 2017","1.0674","1.0600","1.0682","1.0588","0.69"
"Feb 17, 2017","1.0614","1.0675","1.0679","1.0605","-0.56"
"Feb 20, 2017","1.0614","1.0618","1.0637","1.0606","0.00"
"Feb 21, 2017","1.0537","1.0611","1.0618","1.0526","-0.73"
"Feb 22, 2017","1.0556","1.0534","1.0574","1.0493","0.18"
"Feb 23, 2017","1.0581","1.0558","1.0598","1.0539","0.24"
"Feb 24, 2017","1.0563","1.0583","1.0620","1.0557","-0.17"
"Feb 27, 2017","1.0587","1.0562","1.0633","1.0551","0.23"
"Feb 28, 2017","1.0577","1.0587","1.0632","1.0570","-0.09"
"Mar 01, 2017","1.0547","1.0574","1.0589","1.0514","-0.28"
"Mar 02, 2017","1.0507","1.0547","1.0551","1.0492","-0.38"
"Mar 03, 2017","1.0623","1.0508","1.0626","1.0502","1.10"
"Mar 06, 2017","1.0581","1.0617","1.0644","1.0575","-0.40"
"Mar 07, 2017","1.0566","1.0583","1.0603","1.0557","-0.14"
"Mar 08, 2017","1.0541","1.0566","1.0576","1.0535","-0.24"
"Mar 09, 2017","1.0577","1.0541","1.0617","1.0525","0.34"
"Mar 10, 2017","1.0672","1.0577","1.0702","1.0572","0.90"
"Mar 13, 2017","1.0654","1.0671","1.0715","1.0650","-0.17"
"Mar 14, 2017","1.0604","1.0655","1.0664","1.0599","-0.47"
"Mar 15, 2017","1.0735","1.0605","1.0743","1.0604","1.24"
"Mar 16, 2017","1.0766","1.0734","1.0772","1.0706","0.29"
"Mar 17, 2017","1.0738","1.0765","1.0784","1.0728","-0.26"
"Mar 20, 2017","1.0739","1.0740","1.0779","1.0725","0.01"
"Mar 21, 2017","1.0811","1.0740","1.0822","1.0720","0.67"
"Mar 22, 2017","1.0797","1.0810","1.0827","1.0776","-0.13"
"Mar 23, 2017","1.0783","1.0797","1.0807","1.0769","-0.13"
"Mar 24, 2017","1.0799","1.0784","1.0820","1.0761","0.15"
"Mar 27, 2017","1.0865","1.0797","1.0905","1.0795","0.61"
"Mar 28, 2017","1.0813","1.0864","1.0873","1.0797","-0.48"
"Mar 29, 2017","1.0767","1.0811","1.0827","1.0739","-0.43"
"Mar 30, 2017","1.0675","1.0766","1.0772","1.0671","-0.85"
"Mar 31, 2017","1.0652","1.0675","1.0705","1.0652","-0.22"
"Apr 03, 2017","1.0671","1.0661","1.0684","1.0644","0.18"
"Apr 04, 2017","1.0673","1.0669","1.0678","1.0635","0.02"
"Apr 05, 2017","1.0663","1.0672","1.0690","1.0633","-0.09"
"Apr 06, 2017","1.0644","1.0663","1.0686","1.0629","-0.18"
"Apr 07, 2017","1.0590","1.0644","1.0668","1.0580","-0.51"
"Apr 10, 2017","1.0596","1.0593","1.0609","1.0571","0.06"
"Apr 11, 2017","1.0602","1.0595","1.0631","1.0577","0.06"
"Apr 12, 2017","1.0666","1.0606","1.0677","1.0589","0.60"
"Apr 13, 2017","1.0614","1.0664","1.0679","1.0609","-0.49"
"Apr 14, 2017","1.0612","1.0615","1.0633","1.0606","-0.02"
"Apr 17, 2017","1.0644","1.0615","1.0673","1.0604","0.30"
"Apr 18, 2017","1.0734","1.0644","1.0737","1.0636","0.85"
"Apr 19, 2017","1.0711","1.0730","1.0738","1.0700","-0.21"
"Apr 20, 2017","1.0717","1.0711","1.0780","1.0709","0.06"
"Apr 21, 2017","1.0728","1.0719","1.0739","1.0682","0.10"
"Apr 24, 2017","1.0867","1.0890","1.0936","1.0819","1.30"
"Apr 25, 2017","1.0926","1.0868","1.0951","1.0851","0.54"
"Apr 26, 2017","1.0903","1.0924","1.0951","1.0856","-0.21"
"Apr 27, 2017","1.0873","1.0903","1.0933","1.0851","-0.28"
"Apr 28, 2017","1.0897","1.0877","1.0949","1.0857","0.22"
"May 01, 2017","1.0899","1.0906","1.0924","1.0883","0.02"
"May 02, 2017","1.0930","1.0901","1.0936","1.0889","0.28"
"May 03, 2017","1.0885","1.0930","1.0939","1.0883","-0.41"
"May 04, 2017","1.0985","1.0884","1.0987","1.0873","0.92"
"May 05, 2017","1.0998","1.0991","1.1003","1.0951","0.12"
"May 08, 2017","1.0924","1.0998","1.1024","1.0917","-0.67"
"May 09, 2017","1.0873","1.0924","1.0934","1.0863","-0.47"
"May 10, 2017","1.0868","1.0874","1.0900","1.0853","-0.05"
"May 11, 2017","1.0861","1.0869","1.0894","1.0838","-0.06"
"May 12, 2017","1.0931","1.0863","1.0937","1.0857","0.64"
"May 15, 2017","1.0975","1.0926","1.0991","1.0922","0.40"
"May 16, 2017","1.1082","1.0976","1.1098","1.0972","0.97"
"May 17, 2017","1.1159","1.1083","1.1163","1.1079","0.69"
"May 18, 2017","1.1103","1.1160","1.1173","1.1075","-0.50"
"May 19, 2017","1.1207","1.1103","1.1214","1.1097","0.94"
"May 22, 2017","1.1238","1.1202","1.1265","1.1162","0.28"
"May 23, 2017","1.1183","1.1237","1.1269","1.1174","-0.49"
"May 24, 2017","1.1219","1.1184","1.1222","1.1169","0.32"
"May 25, 2017","1.1210","1.1218","1.1252","1.1193","-0.08"
"May 26, 2017","1.1183","1.1211","1.1235","1.1159","-0.24"
"May 29, 2017","1.1166","1.1178","1.1191","1.1160","-0.15"
"May 30, 2017","1.1185","1.1166","1.1208","1.1111","0.17"
"May 31, 2017","1.1244","1.1187","1.1254","1.1166","0.53"
"Jun 01, 2017","1.1213","1.1242","1.1258","1.1203","-0.28"
"Jun 02, 2017","1.1282","1.1213","1.1287","1.1205","0.62"
"Jun 05, 2017","1.1254","1.1279","1.1286","1.1235","-0.25"
"Jun 06, 2017","1.1277","1.1254","1.1286","1.1240","0.20"
"Jun 07, 2017","1.1257","1.1277","1.1284","1.1205","-0.18"
"Jun 08, 2017","1.1214","1.1257","1.1270","1.1195","-0.38"
"Jun 09, 2017","1.1195","1.1216","1.1240","1.1168","-0.17"
"Jun 12, 2017","1.1203","1.1196","1.1235","1.1193","0.07"
"Jun 13, 2017","1.1216","1.1204","1.1225","1.1185","0.12"
"Jun 14, 2017","1.1218","1.1210","1.1296","1.1191","0.02"
"Jun 15, 2017","1.1145","1.1219","1.1231","1.1132","-0.65"
"Jun 16, 2017","1.1197","1.1143","1.1202","1.1138","0.47"
"Jun 19, 2017","1.1149","1.1199","1.1214","1.1141","-0.43"
"Jun 20, 2017","1.1134","1.1147","1.1166","1.1117","-0.13"
"Jun 21, 2017","1.1168","1.1133","1.1171","1.1128","0.31"
"Jun 22, 2017","1.1153","1.1168","1.1179","1.1140","-0.13"
"Jun 23, 2017","1.1194","1.1152","1.1211","1.1145","0.37"
"Jun 26, 2017","1.1182","1.1202","1.1222","1.1173","-0.11"
"Jun 27, 2017","1.1339","1.1183","1.1351","1.1178","1.40"
"Jun 28, 2017","1.1378","1.1339","1.1392","1.1292","0.34"
"Jun 29, 2017","1.1441","1.1376","1.1446","1.1373","0.55"
"Jun 30, 2017","1.1426","1.1442","1.1448","1.1393","-0.13"
"Jul 03, 2017","1.1364","1.1422","1.1431","1.1357","-0.54"
"Jul 04, 2017","1.1345","1.1366","1.1380","1.1338","-0.17"
"Jul 05, 2017","1.1353","1.1345","1.1369","1.1312","0.07"
"Jul 06, 2017","1.1423","1.1351","1.1425","1.1329","0.62"
"Jul 07, 2017","1.1401","1.1423","1.1440","1.1379","-0.19"
"Jul 10, 2017","1.1400","1.1391","1.1418","1.1381","-0.01"
"Jul 11, 2017","1.1467","1.1399","1.1481","1.1383","0.59"
"Jul 12, 2017","1.1412","1.1467","1.1491","1.1392","-0.48"
"Jul 13, 2017","1.1399","1.1413","1.1459","1.1373","-0.11"
"Jul 14, 2017","1.1469","1.1400","1.1473","1.1392","0.61"
"Jul 17, 2017","1.1479","1.1463","1.1488","1.1433","0.09"
"Jul 18, 2017","1.1555","1.1479","1.1585","1.1473","0.66"
"Jul 19, 2017","1.1515","1.1553","1.1559","1.1509","-0.35"
"Jul 20, 2017","1.1631","1.1513","1.1657","1.1479","1.01"
"Jul 21, 2017","1.1663","1.1634","1.1684","1.1620","0.28"
"Jul 24, 2017","1.1642","1.1662","1.1688","1.1628","-0.18"
"Jul 25, 2017","1.1652","1.1639","1.1713","1.1631","0.09"
"Jul 26, 2017","1.1734","1.1648","1.1741","1.1613","0.70"
"Jul 27, 2017","1.1677","1.1734","1.1777","1.1649","-0.49"
"Jul 28, 2017","1.1752","1.1677","1.1765","1.1671","0.64"
"Jul 31, 2017","1.1842","1.1737","1.1847","1.1723","0.77"
"Aug 01, 2017","1.1801","1.1841","1.1846","1.1784","-0.35"
"Aug 02, 2017","1.1856","1.1802","1.1911","1.1794","0.47"
"Aug 03, 2017","1.1870","1.1856","1.1894","1.1831","0.12"
"Aug 04, 2017","1.1772","1.1871","1.1893","1.1731","-0.83"
"Aug 07, 2017","1.1795","1.1768","1.1816","1.1768","0.20"
"Aug 08, 2017","1.1750","1.1794","1.1825","1.1714","-0.38"
"Aug 09, 2017","1.1759","1.1752","1.1765","1.1689","0.08"
"Aug 10, 2017","1.1772","1.1759","1.1786","1.1704","0.11"
"Aug 11, 2017","1.1820","1.1772","1.1846","1.1747","0.41"
"Aug 14, 2017","1.1780","1.1804","1.1840","1.1768","-0.34"
"Aug 15, 2017","1.1735","1.1780","1.1794","1.1688","-0.38"
"Aug 16, 2017","1.1770","1.1734","1.1780","1.1682","0.30"
"Aug 17, 2017","1.1724","1.1767","1.1790","1.1662","-0.39"
"Aug 18, 2017","1.1762","1.1723","1.1775","1.1707","0.32"
"Aug 21, 2017","1.1816","1.1750","1.1830","1.1731","0.46"
"Aug 22, 2017","1.1762","1.1815","1.1826","1.1745","-0.46"
"Aug 23, 2017","1.1807","1.1763","1.1825","1.1741","0.38"
"Aug 24, 2017","1.1799","1.1807","1.1821","1.1784","-0.07"
"Aug 25, 2017","1.1926","1.1799","1.1942","1.1773","1.08"
"Aug 28, 2017","1.1979","1.1926","1.1985","1.1917","0.44"
"Aug 29, 2017","1.1972","1.1978","1.2069","1.1945","-0.06"
"Aug 30, 2017","1.1883","1.1974","1.1986","1.1881","-0.74"
"Aug 31, 2017","1.1910","1.1884","1.1914","1.1823","0.23"
"Sep 01, 2017","1.1859","1.1911","1.1981","1.1850","-0.43"
"Sep 04, 2017","1.1896","1.1858","1.1923","1.1853","0.31"
"Sep 05, 2017","1.1914","1.1896","1.1941","1.1868","0.15"
"Sep 06, 2017","1.1917","1.1914","1.1951","1.1903","0.03"
"Sep 07, 2017","1.2023","1.1917","1.2061","1.1914","0.89"
"Sep 08, 2017","1.2035","1.2024","1.2094","1.2016","0.10"
"Sep 11, 2017","1.1953","1.2041","1.2041","1.1948","-0.68"
"Sep 12, 2017","1.1967","1.1953","1.1980","1.1926","0.12"
"Sep 13, 2017","1.1886","1.1967","1.1995","1.1872","-0.68"
"Sep 14, 2017","1.1919","1.1884","1.1922","1.1837","0.28"
"Sep 15, 2017","1.1943","1.1919","1.1988","1.1901","0.20"
"Sep 18, 2017","1.1954","1.1949","1.1971","1.1915","0.09"
"Sep 19, 2017","1.1994","1.1955","1.2008","1.1950","0.33"
"Sep 20, 2017","1.1893","1.1994","1.2033","1.1862","-0.84"
"Sep 21, 2017","1.1941","1.1894","1.1955","1.1866","0.40"
"Sep 22, 2017","1.1954","1.1942","1.2006","1.1937","0.11"
"Sep 25, 2017","1.1848","1.1953","1.1962","1.1833","-0.89"
"Sep 26, 2017","1.1793","1.1848","1.1863","1.1758","-0.46"
"Sep 27, 2017","1.1744","1.1792","1.1797","1.1717","-0.42"
"Sep 28, 2017","1.1786","1.1746","1.1805","1.1721","0.36"
"Sep 29, 2017","1.1814","1.1787","1.1834","1.1773","0.24"
"Oct 02, 2017","1.1732","1.1818","1.1818","1.1730","-0.69"
"Oct 03, 2017","1.1744","1.1733","1.1775","1.1696","0.10"
"Oct 04, 2017","1.1760","1.1743","1.1788","1.1733","0.14"
"Oct 05, 2017","1.1711","1.1758","1.1780","1.1698","-0.42"
"Oct 06, 2017","1.1734","1.1710","1.1739","1.1668","0.20"
"Oct 09, 2017","1.1741","1.1728","1.1758","1.1718","0.06"
"Oct 10, 2017","1.1806","1.1739","1.1825","1.1738","0.55"
"Oct 11, 2017","1.1859","1.1808","1.1871","1.1795","0.45"
"Oct 12, 2017","1.1830","1.1862","1.1882","1.1826","-0.24"
"Oct 13, 2017","1.1823","1.1829","1.1875","1.1804","-0.06"
"Oct 16, 2017","1.1797","1.1825","1.1826","1.1781","-0.22"
"Oct 17, 2017","1.1766","1.1797","1.1801","1.1735","-0.26"
"Oct 18, 2017","1.1787","1.1764","1.1805","1.1729","0.18"
"Oct 19, 2017","1.1852","1.1788","1.1860","1.1768","0.55"
"Oct 20, 2017","1.1785","1.1853","1.1859","1.1763","-0.57"
"Oct 23, 2017","1.1749","1.1773","1.1779","1.1725","-0.31"
"Oct 24, 2017","1.1760","1.1755","1.1793","1.1743","0.09"
"Oct 25, 2017","1.1774","1.1759","1.1775","1.1753","0.12"