year,state,"drought","flooding","freeze","severe storm","tropical cyclone","wildfire","winter storm"
1980,AK,0,0,0,0,0,0,0
1980,AL,1,0,0,0,0,0,0
1980,AR,1,1,0,0,0,0,0
1980,AZ,0,0,0,0,0,0,0
1980,CA,0,0,0,0,0,0,0
1980,CO,0,0,0,0,0,0,0
1980,CT,0,0,0,0,0,0,0
1980,DE,0,0,0,0,0,0,0
1980,FL,0,0,0,0,0,0,0
1980,GA,1,0,0,0,0,0,0
1980,HI,0,0,0,0,0,0,0
1980,IA,1,0,0,0,0,0,0
1980,ID,0,0,0,0,0,0,0
1980,IL,1,0,0,0,0,0,0
1980,IN,0,0,0,0,0,0,0
1980,KS,1,0,0,0,0,0,0
1980,KY,1,0,0,0,0,0,0
1980,LA,1,1,0,0,1,0,0
1980,MA,0,0,0,0,0,0,0
1980,MD,0,0,0,0,0,0,0
1980,ME,0,0,0,0,0,0,0
1980,MI,0,0,0,0,0,0,0
1980,MN,1,0,0,0,0,0,0
1980,MO,1,0,0,0,0,0,0
1980,MS,1,1,0,0,0,0,0
1980,MT,1,0,0,0,0,0,0
1980,NC,1,0,0,0,0,0,0
1980,ND,1,0,0,0,0,0,0
1980,NE,1,0,0,0,0,0,0
1980,NH,0,0,0,0,0,0,0
1980,NJ,0,0,0,0,0,0,0
1980,NM,0,0,0,0,0,0,0
1980,NV,0,0,0,0,0,0,0
1980,NY,0,0,0,0,0,0,0
1980,OH,0,0,0,0,0,0,0
1980,OK,1,0,0,0,0,0,0
1980,OR,0,0,0,0,0,0,0
1980,PA,0,0,0,0,0,0,0
1980,PR,0,0,0,0,0,0,0
1980,RI,0,0,0,0,0,0,0
1980,SC,1,0,0,0,0,0,0
1980,SD,1,0,0,0,0,0,0
1980,TN,1,0,0,0,0,0,0
1980,TX,1,0,0,0,1,0,0
1980,UT,0,0,0,0,0,0,0
1980,VA,1,0,0,0,0,0,0
1980,VI,0,0,0,0,0,0,0
1980,VT,0,0,0,0,0,0,0
1980,WA,0,0,0,0,0,0,0
1980,WI,0,0,0,0,0,0,0
1980,WV,0,0,0,0,0,0,0
1980,WY,0,0,0,0,0,0,0
1981,AK,0,0,0,0,0,0,0
1981,AL,0,0,0,1,0,0,0
1981,AR,0,0,0,0,0,0,0
1981,AZ,0,0,0,0,0,0,0
1981,CA,0,0,0,0,0,0,0
1981,CO,0,0,0,0,0,0,0
1981,CT,0,0,0,0,0,0,0
1981,DE,0,0,0,0,0,0,0
1981,FL,0,0,0,0,0,0,0
1981,GA,0,0,0,0,0,0,0
1981,HI,0,0,0,0,0,0,0
1981,IA,0,0,0,0,0,0,0
1981,ID,0,0,0,0,0,0,0
1981,IL,0,0,0,0,0,0,0
1981,IN,0,0,0,0,0,0,0
1981,KS,0,0,0,1,0,0,0
1981,KY,0,0,0,0,0,0,0
1981,LA,0,0,0,1,0,0,0
1981,MA,0,0,0,0,0,0,0
1981,MD,0,0,0,0,0,0,0
1981,ME,0,0,0,0,0,0,0
1981,MI,0,0,0,0,0,0,0
1981,MN,0,0,0,0,0,0,0
1981,MO,0,0,0,0,0,0,0
1981,MS,0,0,0,0,0,0,0
1981,MT,0,0,0,0,0,0,0
1981,NC,0,0,0,0,0,0,0
1981,ND,0,0,0,0,0,0,0
1981,NE,0,0,0,0,0,0,0
1981,NH,0,0,0,0,0,0,0
1981,NJ,0,0,0,0,0,0,0
1981,NM,0,0,0,0,0,0,0
1981,NV,0,0,0,0,0,0,0
1981,NY,0,0,0,0,0,0,0
1981,OH,0,0,0,0,0,0,0
1981,OK,0,0,0,1,0,0,0
1981,OR,0,0,0,0,0,0,0
1981,PA,0,0,0,0,0,0,0
1981,PR,0,0,0,0,0,0,0
1981,RI,0,0,0,0,0,0,0
1981,SC,0,0,0,0,0,0,0
1981,SD,0,0,0,0,0,0,0
1981,TN,0,0,0,0,0,0,0
1981,TX,0,0,0,1,0,0,0
1981,UT,0,0,0,0,0,0,0
1981,VA,0,0,0,0,0,0,0
1981,VI,0,0,0,0,0,0,0
1981,VT,0,0,0,0,0,0,0
1981,WA,0,0,0,0,0,0,0
1981,WI,0,0,0,0,0,0,0
1981,WV,0,0,0,0,0,0,0
1981,WY,0,0,0,0,0,0,0
1982,AK,0,0,0,0,0,0,0
1982,AL,0,0,0,1,0,0,1
1982,AR,0,0,0,1,0,0,1
1982,AZ,0,0,0,0,0,0,0
1982,CA,0,0,0,0,0,0,0
1982,CO,0,0,0,1,0,0,0
1982,CT,0,0,0,1,0,0,1
1982,DE,0,0,0,0,0,0,1
1982,FL,0,0,0,0,0,0,1
1982,GA,0,0,0,0,0,0,1
1982,HI,0,0,0,0,0,0,0
1982,IA,0,0,0,2,0,0,1
1982,ID,0,0,0,0,0,0,0
1982,IL,0,0,0,2,0,0,1
1982,IN,0,0,0,2,0,0,1
1982,KS,0,0,0,2,0,0,1
1982,KY,0,0,0,2,0,0,1
1982,LA,0,0,0,1,0,0,1
1982,MA,0,0,0,1,0,0,1
1982,MD,0,0,0,0,0,0,1
1982,ME,0,0,0,0,0,0,1
1982,MI,0,0,0,1,0,0,1
1982,MN,0,0,0,1,0,0,1
1982,MO,0,0,0,2,0,0,1
1982,MS,0,0,0,1,0,0,1
1982,MT,0,0,0,0,0,0,0
1982,NC,0,0,0,0,0,0,1
1982,ND,0,0,0,0,0,0,1
1982,NE,0,0,0,1,0,0,0
1982,NH,0,0,0,0,0,0,1
1982,NJ,0,0,0,0,0,0,1
1982,NM,0,0,0,0,0,0,0
1982,NV,0,0,0,0,0,0,0
1982,NY,0,0,0,0,0,0,1
1982,OH,0,0,0,2,0,0,1
1982,OK,0,0,0,2,0,0,1
1982,OR,0,0,0,0,0,0,0
1982,PA,0,0,0,1,0,0,1
1982,PR,0,0,0,0,0,0,0
1982,RI,0,0,0,0,0,0,1
1982,SC,0,0,0,1,0,0,1
1982,SD,0,0,0,0,0,0,0
1982,TN,0,0,0,1,0,0,1
1982,TX,0,0,0,2,0,0,1
1982,UT,0,0,0,0,0,0,0
1982,VA,0,0,0,0,0,0,1
1982,VI,0,0,0,0,0,0,0
1982,VT,0,0,0,0,0,0,1
1982,WA,0,0,0,0,0,0,0
1982,WI,0,0,0,1,0,0,1
1982,WV,0,0,0,1,0,0,1
1982,WY,0,0,0,0,0,0,0
1983,AK,0,0,0,0,0,0,0
1983,AL,1,1,1,0,0,0,0
1983,AR,1,1,1,0,0,0,0
1983,AZ,0,1,0,0,0,0,0
1983,CA,0,1,0,0,0,0,0
1983,CO,0,0,1,0,0,0,0
1983,CT,0,0,1,0,0,0,0
1983,DE,0,0,1,0,0,0,0
1983,FL,0,1,1,0,0,0,0
1983,GA,1,0,1,0,0,0,0
1983,HI,0,0,0,0,0,0,0
1983,IA,0,0,1,0,0,0,0
1983,ID,0,1,1,0,0,0,0
1983,IL,0,0,1,0,0,0,0
1983,IN,0,0,1,0,0,0,0
1983,KS,0,0,1,0,0,0,0
1983,KY,1,0,1,0,0,0,0
1983,LA,1,1,1,0,0,0,0
1983,MA,0,0,1,0,0,0,0
1983,MD,0,0,1,0,0,0,0
1983,ME,0,0,0,0,0,0,0
1983,MI,0,0,1,0,0,0,0
1983,MN,0,0,1,0,0,0,0
1983,MO,1,0,1,0,0,0,0
1983,MS,1,1,1,0,0,0,0
1983,MT,0,1,1,0,0,0,0
1983,NC,1,0,1,0,0,0,0
1983,ND,0,0,1,0,0,0,0
1983,NE,0,0,1,0,0,0,0
1983,NH,0,0,0,0,0,0,0
1983,NJ,0,0,1,0,0,0,0
1983,NM,0,0,0,0,0,0,0
1983,NV,0,0,0,0,0,0,0
1983,NY,0,0,1,0,0,0,0
1983,OH,0,0,1,0,0,0,0
1983,OK,0,0,1,0,0,0,0
1983,OR,0,1,1,0,0,0,0
1983,PA,0,0,1,0,0,0,0
1983,PR,0,0,0,0,0,0,0
1983,RI,0,0,1,0,0,0,0
1983,SC,1,0,1,0,0,0,0
1983,SD,0,0,1,0,0,0,0
1983,TN,1,0,1,0,0,0,0
1983,TX,0,0,1,0,1,0,0
1983,UT,0,1,1,0,0,0,0
1983,VA,1,0,1,0,0,0,0
1983,VI,0,0,0,0,0,0,0
1983,VT,0,0,0,0,0,0,0
1983,WA,0,1,1,0,0,0,0
1983,WI,0,0,1,0,0,0,0
1983,WV,0,0,1,0,0,0,0
1983,WY,0,0,1,0,0,0,0
1984,AK,0,0,0,0,0,0,0
1984,AL,0,0,0,0,0,0,0
1984,AR,0,0,0,1,0,0,0
1984,AZ,0,0,0,0,0,0,0
1984,CA,0,0,0,0,0,0,0
1984,CO,0,0,0,1,0,0,0
1984,CT,0,0,0,1,0,0,0
1984,DE,0,0,0,0,0,0,0
1984,FL,0,0,0,1,0,0,0
1984,GA,0,0,0,1,0,0,0
1984,HI,0,0,0,0,0,0,0
1984,IA,0,0,0,0,0,0,0
1984,ID,0,0,0,0,0,0,0
1984,IL,0,0,0,1,0,0,0
1984,IN,0,0,0,0,0,0,0
1984,KS,0,0,0,0,0,0,0
1984,KY,0,0,0,0,0,0,0
1984,LA,0,0,0,0,0,0,0
1984,MA,0,0,0,1,0,0,0
1984,MD,0,0,0,1,0,0,0
1984,ME,0,0,0,0,0,0,0
1984,MI,0,0,0,0,0,0,0
1984,MN,0,0,0,0,0,0,0
1984,MO,0,0,0,1,0,0,0
1984,MS,0,0,0,0,0,0,0
1984,MT,0,0,0,0,0,0,0
1984,NC,0,0,0,1,0,0,0
1984,ND,0,0,0,0,0,0,0
1984,NE,0,0,0,0,0,0,0
1984,NH,0,0,0,0,0,0,0
1984,NJ,0,0,0,1,0,0,0
1984,NM,0,0,0,0,0,0,0
1984,NV,0,0,0,0,0,0,0
1984,NY,0,0,0,1,0,0,0
1984,OH,0,0,0,0,0,0,0
1984,OK,0,0,0,0,0,0,0
1984,OR,0,0,0,0,0,0,0
1984,PA,0,0,0,1,0,0,0
1984,PR,0,0,0,0,0,0,0
1984,RI,0,0,0,1,0,0,0
1984,SC,0,0,0,1,0,0,0
1984,SD,0,0,0,1,0,0,0
1984,TN,0,0,0,0,0,0,0
1984,TX,0,0,0,0,0,0,0
1984,UT,0,0,0,0,0,0,0
1984,VA,0,0,0,1,0,0,0
1984,VI,0,0,0,0,0,0,0
1984,VT,0,0,0,0,0,0,0
1984,WA,0,0,0,0,0,0,0
1984,WI,0,0,0,0,0,0,0
1984,WV,0,0,0,0,0,0,0
1984,WY,0,0,0,0,0,0,0
1985,AK,0,0,0,0,0,0,0
1985,AL,0,0,0,0,2,0,1
1985,AR,0,0,0,0,0,0,1
1985,AZ,0,0,0,0,0,0,0
1985,CA,0,0,0,0,0,0,0
1985,CO,0,0,0,0,0,0,0
1985,CT,0,0,0,0,1,0,1
1985,DE,0,0,0,0,1,0,1
1985,FL,0,0,1,0,2,0,1
1985,GA,0,0,0,0,0,0,1
1985,HI,0,0,0,0,0,0,0
1985,IA,0,0,0,0,0,0,1
1985,ID,0,0,0,0,0,0,0
1985,IL,0,0,0,0,0,0,1
1985,IN,0,0,0,0,0,0,1
1985,KS,0,0,0,0,0,0,0
1985,KY,0,0,0,0,0,0,1
1985,LA,0,0,0,0,2,0,1
1985,MA,0,0,0,0,1,0,0
1985,MD,0,0,0,0,1,0,1
1985,ME,0,0,0,0,1,0,0
1985,MI,0,0,0,0,0,0,1
1985,MN,0,0,0,0,0,0,1
1985,MO,0,0,0,0,0,0,1
1985,MS,0,0,0,0,2,0,1
1985,MT,0,0,0,0,0,0,0
1985,NC,0,0,0,0,1,0,1
1985,ND,0,0,0,0,0,0,0
1985,NE,0,0,0,0,0,0,0
1985,NH,0,0,0,0,1,0,0
1985,NJ,0,0,0,0,1,0,1
1985,NM,0,0,0,0,0,0,0
1985,NV,0,0,0,0,0,0,0
1985,NY,0,0,0,0,1,0,1
1985,OH,0,0,0,0,0,0,1
1985,OK,0,0,0,0,0,0,1
1985,OR,0,0,0,0,0,0,0
1985,PA,0,0,0,0,1,0,1
1985,PR,0,0,0,0,0,0,0
1985,RI,0,0,0,0,1,0,1
1985,SC,0,0,0,0,0,0,1
1985,SD,0,0,0,0,0,0,0
1985,TN,0,0,0,0,0,0,1
1985,TX,0,0,0,0,0,0,1
1985,UT,0,0,0,0,0,0,0
1985,VA,0,0,0,0,1,0,1
1985,VI,0,0,0,0,0,0,0
1985,VT,0,0,0,0,1,0,0
1985,WA,0,0,0,0,0,0,0
1985,WI,0,0,0,0,0,0,1
1985,WV,0,0,0,0,0,0,1
1985,WY,0,0,0,0,0,0,0
1986,AK,0,0,0,0,0,0,0
1986,AL,1,0,0,0,0,0,0
1986,AR,1,0,0,0,0,0,0
1986,AZ,0,0,0,0,0,0,0
1986,CA,0,0,0,1,0,0,0
1986,CO,0,0,0,1,0,0,0
1986,CT,0,0,0,0,0,0,0
1986,DE,0,0,0,0,0,0,0
1986,FL,0,0,0,0,0,0,0
1986,GA,1,0,0,0,0,0,0
1986,HI,0,0,0,0,0,0,0
1986,IA,0,0,0,0,0,0,0
1986,ID,0,0,0,0,0,0,0
1986,IL,0,0,0,0,0,0,0
1986,IN,0,0,0,0,0,0,0
1986,KS,0,0,0,0,0,0,0
1986,KY,0,0,0,0,0,0,0
1986,LA,1,0,0,0,0,0,0
1986,MA,0,0,0,0,0,0,0
1986,MD,0,0,0,0,0,0,0
1986,ME,0,0,0,0,0,0,0
1986,MI,0,0,0,0,0,0,0
1986,MN,0,0,0,0,0,0,0
1986,MO,0,0,0,0,0,0,0
1986,MS,1,0,0,0,0,0,0
1986,MT,0,0,0,0,0,0,0
1986,NC,1,0,0,0,0,0,0
1986,ND,0,0,0,0,0,0,0
1986,NE,0,0,0,0,0,0,0
1986,NH,0,0,0,0,0,0,0
1986,NJ,0,0,0,0,0,0,0
1986,NM,0,0,0,0,0,0,0
1986,NV,0,0,0,1,0,0,0
1986,NY,0,0,0,0,0,0,0
1986,OH,0,0,0,0,0,0,0
1986,OK,0,0,0,0,0,0,0
1986,OR,0,0,0,1,0,0,0
1986,PA,0,0,0,0,0,0,0
1986,PR,0,0,0,0,0,0,0
1986,RI,0,0,0,0,0,0,0
1986,SC,1,0,0,0,0,0,0
1986,SD,0,0,0,0,0,0,0
1986,TN,1,0,0,0,0,0,0
1986,TX,0,0,0,0,0,0,0
1986,UT,0,0,0,0,0,0,0
1986,VA,1,0,0,0,0,0,0
1986,VI,0,0,0,0,0,0,0
1986,VT,0,0,0,0,0,0,0
1986,WA,0,0,0,0,0,0,0
1986,WI,0,0,0,0,0,0,0
1986,WV,0,0,0,0,0,0,0
1986,WY,0,0,0,1,0,0,0
1987,AK,0,0,0,0,0,0,0
1987,AL,0,0,0,0,0,0,0
1987,AR,0,0,0,0,0,0,0
1987,AZ,0,0,0,0,0,0,0
1987,CA,0,0,0,0,0,0,0
1987,CO,0,0,0,0,0,0,0
1987,CT,0,0,0,0,0,0,0
1987,DE,0,0,0,0,0,0,0
1987,FL,0,0,0,0,0,0,0
1987,GA,0,0,0,0,0,0,0
1987,HI,0,0,0,0,0,0,0
1987,IA,0,0,0,0,0,0,0
1987,ID,0,0,0,0,0,0,0
1987,IL,0,0,0,0,0,0,0
1987,IN,0,0,0,0,0,0,0
1987,KS,0,0,0,0,0,0,0
1987,KY,0,0,0,0,0,0,0
1987,LA,0,0,0,0,0,0,0
1987,MA,0,0,0,0,0,0,0
1987,MD,0,0,0,0,0,0,0
1987,ME,0,0,0,0,0,0,0
1987,MI,0,0,0,0,0,0,0
1987,MN,0,0,0,0,0,0,0
1987,MO,0,0,0,0,0,0,0
1987,MS,0,0,0,0,0,0,0
1987,MT,0,0,0,0,0,0,0
1987,NC,0,0,0,0,0,0,0
1987,ND,0,0,0,0,0,0,0
1987,NE,0,0,0,0,0,0,0
1987,NH,0,0,0,0,0,0,0
1987,NJ,0,0,0,0,0,0,0
1987,NM,0,0,0,0,0,0,0
1987,NV,0,0,0,0,0,0,0
1987,NY,0,0,0,0,0,0,0
1987,OH,0,0,0,0,0,0,0
1987,OK,0,0,0,0,0,0,0
1987,OR,0,0,0,0,0,0,0
1987,PA,0,0,0,0,0,0,0
1987,PR,0,0,0,0,0,0,0
1987,RI,0,0,0,0,0,0,0
1987,SC,0,0,0,0,0,0,0
1987,SD,0,0,0,0,0,0,0
1987,TN,0,0,0,0,0,0,0
1987,TX,0,0,0,0,0,0,0
1987,UT,0,0,0,0,0,0,0
1987,VA,0,0,0,0,0,0,0
1987,VI,0,0,0,0,0,0,0
1987,VT,0,0,0,0,0,0,0
1987,WA,0,0,0,0,0,0,0
1987,WI,0,0,0,0,0,0,0
1987,WV,0,0,0,0,0,0,0
1987,WY,0,0,0,0,0,0,0
1988,AK,0,0,0,0,0,0,0
1988,AL,1,0,0,0,0,0,0
1988,AR,1,0,0,0,0,0,0
1988,AZ,0,0,0,0,0,0,0
1988,CA,0,0,0,0,0,0,0
1988,CO,0,0,0,0,0,0,0
1988,CT,0,0,0,0,0,0,0
1988,DE,0,0,0,0,0,0,0
1988,FL,0,0,0,0,0,0,0
1988,GA,0,0,0,0,0,0,0
1988,HI,0,0,0,0,0,0,0
1988,IA,1,0,0,0,0,0,0
1988,ID,1,0,0,0,0,0,0
1988,IL,1,0,0,0,0,0,0
1988,IN,1,0,0,0,0,0,0
1988,KS,1,0,0,0,0,0,0
1988,KY,1,0,0,0,0,0,0
1988,LA,1,0,0,0,0,0,0
1988,MA,0,0,0,0,0,0,0
1988,MD,1,0,0,0,0,0,0
1988,ME,0,0,0,0,0,0,0
1988,MI,1,0,0,0,0,0,0
1988,MN,1,0,0,0,0,0,0
1988,MO,1,0,0,0,0,0,0
1988,MS,1,0,0,0,0,0,0
1988,MT,1,0,0,0,0,0,0
1988,NC,0,0,0,0,0,0,0
1988,ND,1,0,0,0,0,0,0
1988,NE,1,0,0,0,0,0,0
1988,NH,0,0,0,0,0,0,0
1988,NJ,0,0,0,0,0,0,0
1988,NM,0,0,0,0,0,0,0
1988,NV,0,0,0,0,0,0,0
1988,NY,0,0,0,0,0,0,0
1988,OH,1,0,0,0,0,0,0
1988,OK,1,0,0,0,0,0,0
1988,OR,0,0,0,0,0,0,0
1988,PA,0,0,0,0,0,0,0
1988,PR,0,0,0,0,0,0,0
1988,RI,0,0,0,0,0,0,0
1988,SC,0,0,0,0,0,0,0
1988,SD,1,0,0,0,0,0,0
1988,TN,1,0,0,0,0,0,0
1988,TX,1,0,0,0,0,0,0
1988,UT,0,0,0,0,0,0,0
1988,VA,0,0,0,0,0,0,0
1988,VI,0,0,0,0,0,0,0
1988,VT,0,0,0,0,0,0,0
1988,WA,0,0,0,0,0,0,0
1988,WI,1,0,0,0,0,0,0
1988,WV,1,0,0,0,0,0,0
1988,WY,1,0,0,0,0,0,0
1989,AK,0,0,0,0,0,0,0
1989,AL,0,0,0,0,0,0,1
1989,AR,0,0,0,0,0,0,1
1989,AZ,0,0,0,0,0,0,0
1989,CA,0,0,0,0,0,0,0
1989,CO,1,0,0,0,0,0,0
1989,CT,0,0,0,0,0,0,1
1989,DE,0,0,0,0,0,0,0
1989,FL,0,0,1,0,0,0,1
1989,GA,0,0,0,1,0,0,1
1989,HI,0,0,0,0,0,0,0
1989,IA,1,0,0,0,0,0,0
1989,ID,0,0,0,0,0,0,0
1989,IL,1,0,0,0,0,0,1
1989,IN,0,0,0,0,0,0,1
1989,KS,1,0,0,0,0,0,0
1989,KY,0,0,0,0,0,0,1
1989,LA,0,0,0,1,0,0,1
1989,MA,0,0,0,0,0,0,0
1989,MD,0,0,0,0,0,0,0
1989,ME,0,0,0,0,0,0,1
1989,MI,0,0,0,0,0,0,0
1989,MN,0,0,0,0,0,0,0
1989,MO,1,0,0,0,0,0,1
1989,MS,0,0,0,1,0,0,1
1989,MT,0,0,0,0,0,0,0
1989,NC,0,0,0,1,1,0,1
1989,ND,1,0,0,0,0,0,0
1989,NE,1,0,0,0,0,0,0
1989,NH,0,0,0,0,0,0,1
1989,NJ,0,0,0,0,0,0,0
1989,NM,0,0,0,0,0,0,0
1989,NV,1,0,0,0,0,0,0
1989,NY,0,0,0,0,0,0,1
1989,OH,0,0,0,0,0,0,1
1989,OK,0,0,0,1,0,0,1
1989,OR,0,0,0,0,0,0,0
1989,PA,0,0,0,0,0,0,1
1989,PR,0,0,0,0,1,0,0
1989,RI,0,0,0,0,0,0,0
1989,SC,0,0,0,1,1,0,1
1989,SD,1,0,0,0,0,0,0
1989,TN,0,0,0,0,0,0,1
1989,TX,1,0,0,1,0,0,1
1989,UT,1,0,0,0,0,0,0
1989,VA,0,0,0,1,1,0,1
1989,VI,0,0,0,0,1,0,0
1989,VT,0,0,0,0,0,0,1
1989,WA,0,0,0,0,0,0,0
1989,WI,0,0,0,0,0,0,0
1989,WV,0,0,0,0,0,0,1
1989,WY,0,0,0,0,0,0,0
1990,AK,0,0,0,0,0,0,0
1990,AL,0,0,0,0,0,0,0
1990,AR,0,1,0,0,0,0,0
1990,AZ,0,0,0,0,0,0,0
1990,CA,0,0,1,0,0,0,0
1990,CO,0,0,0,1,0,0,0
1990,CT,0,0,0,0,0,0,0
1990,DE,0,0,0,0,0,0,0
1990,FL,0,0,0,0,0,0,0
1990,GA,0,0,0,0,0,0,0
1990,HI,0,0,0,0,0,0,0
1990,IA,0,0,0,0,0,0,0
1990,ID,0,0,0,0,0,0,0
1990,IL,0,0,0,0,0,0,0
1990,IN,0,0,0,0,0,0,0
1990,KS,0,0,0,0,0,0,0
1990,KY,0,0,0,0,0,0,0
1990,LA,0,1,0,0,0,0,0
1990,MA,0,0,0,0,0,0,0
1990,MD,0,0,0,0,0,0,0
1990,ME,0,0,0,0,0,0,0
1990,MI,0,0,0,0,0,0,0
1990,MN,0,0,0,0,0,0,0
1990,MO,0,0,0,0,0,0,0
1990,MS,0,0,0,0,0,0,0
1990,MT,0,0,0,0,0,0,0
1990,NC,0,0,0,0,0,0,0
1990,ND,0,0,0,0,0,0,0
1990,NE,0,0,0,0,0,0,0
1990,NH,0,0,0,0,0,0,0
1990,NJ,0,0,0,0,0,0,0
1990,NM,0,0,0,0,0,0,0
1990,NV,0,0,0,0,0,0,0
1990,NY,0,0,0,0,0,0,0
1990,OH,0,0,0,0,0,0,0
1990,OK,0,1,0,0,0,0,0
1990,OR,0,0,0,0,0,0,0
1990,PA,0,0,0,0,0,0,0
1990,PR,0,0,0,0,0,0,0
1990,RI,0,0,0,0,0,0,0
1990,SC,0,0,0,0,0,0,0
1990,SD,0,0,0,0,0,0,0
1990,TN,0,0,0,0,0,0,0
1990,TX,0,1,0,0,0,0,0
1990,UT,0,0,0,0,0,0,0
1990,VA,0,0,0,0,0,0,0
1990,VI,0,0,0,0,0,0,0
1990,VT,0,0,0,0,0,0,0
1990,WA,0,0,0,0,0,0,0
1990,WI,0,0,0,0,0,0,0
1990,WV,0,0,0,0,0,0,0
1990,WY,0,0,0,0,0,0,0
1991,AK,0,0,0,0,0,0,0
1991,AL,0,0,0,1,0,0,0
1991,AR,0,0,0,0,0,0,0
1991,AZ,0,0,0,0,0,0,0
1991,CA,0,0,0,0,0,1,0
1991,CO,0,0,0,0,0,0,0
1991,CT,0,0,0,0,1,0,0
1991,DE,0,0,0,0,0,0,0
1991,FL,0,0,0,0,0,0,0
1991,GA,0,0,0,1,0,0,0
1991,HI,0,0,0,0,0,0,0
1991,IA,1,0,0,0,0,0,0
1991,ID,0,0,0,0,0,0,0
1991,IL,1,0,0,1,0,0,0
1991,IN,1,0,0,1,0,0,0
1991,KS,1,0,0,1,0,0,0
1991,KY,0,0,0,1,0,0,0
1991,LA,0,0,0,0,0,0,0
1991,MA,0,0,0,0,1,0,0
1991,MD,0,0,0,0,0,0,0
1991,ME,0,0,0,0,1,0,0
1991,MI,0,0,0,1,0,0,0
1991,MN,1,0,0,0,0,0,0
1991,MO,1,0,0,1,0,0,0
1991,MS,0,0,0,0,0,0,0
1991,MT,0,0,0,0,0,0,0
1991,NC,0,0,0,1,1,0,0
1991,ND,0,0,0,0,0,0,0
1991,NE,0,0,0,0,0,0,0
1991,NH,0,0,0,0,0,0,0
1991,NJ,0,0,0,0,0,0,0
1991,NM,0,0,0,0,0,0,0
1991,NV,0,0,0,0,0,0,0
1991,NY,0,0,0,1,1,0,0
1991,OH,1,0,0,1,0,0,0
1991,OK,1,0,0,0,0,0,0
1991,OR,1,0,0,0,0,0,0
1991,PA,1,0,0,1,0,0,0
1991,PR,0,0,0,0,0,0,0
1991,RI,0,0,0,0,1,0,0
1991,SC,0,0,0,1,0,0,0
1991,SD,0,0,0,0,0,0,0
1991,TN,0,0,0,1,0,0,0
1991,TX,0,0,0,0,0,0,0
1991,UT,0,0,0,0,0,0,0
1991,VA,0,0,0,0,0,0,0
1991,VI,0,0,0,0,0,0,0
1991,VT,0,0,0,0,0,0,0
1991,WA,1,0,0,0,0,0,0
1991,WI,0,0,0,0,0,0,0
1991,WV,1,0,0,0,0,0,0
1991,WY,0,0,0,0,0,0,0
1992,AK,0,0,0,0,0,0,0
1992,AL,0,0,0,0,0,0,0
1992,AR,0,0,0,0,0,0,0
1992,AZ,0,0,0,0,0,0,0
1992,CA,0,0,0,0,0,0,0
1992,CO,0,0,0,0,0,0,0
1992,CT,0,0,0,0,0,0,1
1992,DE,0,0,0,0,0,0,1
1992,FL,0,0,0,1,1,0,0
1992,GA,0,0,0,0,0,0,0
1992,HI,0,0,0,0,1,0,0
1992,IA,0,0,0,0,0,0,0
1992,ID,0,0,0,0,0,0,0
1992,IL,0,0,0,0,0,0,0
1992,IN,0,0,0,0,0,0,0
1992,KS,0,0,0,1,0,0,0
1992,KY,0,0,0,0,0,0,0
1992,LA,0,0,0,1,1,0,0
1992,MA,0,0,0,0,0,0,1
1992,MD,0,0,0,0,0,0,1
1992,ME,0,0,0,0,0,0,0
1992,MI,0,0,0,0,0,0,0
1992,MN,0,0,0,0,0,0,0
1992,MO,0,0,0,0,0,0,0
1992,MS,0,0,0,0,0,0,0
1992,MT,0,0,0,0,0,0,0
1992,NC,0,0,0,0,0,0,0
1992,ND,0,0,0,0,0,0,0
1992,NE,0,0,0,0,0,0,0
1992,NH,0,0,0,0,0,0,0
1992,NJ,0,0,0,0,0,0,1
1992,NM,0,0,0,0,0,0,0
1992,NV,0,0,0,0,0,0,0
1992,NY,0,0,0,0,0,0,1
1992,OH,0,0,0,0,0,0,0
1992,OK,0,0,0,2,0,0,0
1992,OR,0,0,0,0,0,0,0
1992,PA,0,0,0,0,0,0,1
1992,PR,0,0,0,0,0,0,0
1992,RI,0,0,0,0,0,0,1
1992,SC,0,0,0,0,0,0,0
1992,SD,0,0,0,0,0,0,0
1992,TN,0,0,0,0,0,0,0
1992,TX,0,0,0,2,0,0,0
1992,UT,0,0,0,0,0,0,0
1992,VA,0,0,0,0,0,0,1
1992,VI,0,0,0,0,0,0,0
1992,VT,0,0,0,0,0,0,0
1992,WA,0,0,0,0,0,0,0
1992,WI,0,0,0,0,0,0,0
1992,WV,0,0,0,0,0,0,1
1992,WY,0,0,0,0,0,0,0
1993,AK,0,0,0,0,0,0,0
1993,AL,1,0,0,0,0,0,1
1993,AR,0,0,0,0,0,0,0
1993,AZ,0,0,0,0,0,0,0
1993,CA,0,0,0,0,0,1,0
1993,CO,0,0,0,0,0,0,0
1993,CT,0,0,0,0,0,0,1
1993,DE,0,0,0,0,0,0,1
1993,FL,1,0,0,0,0,0,1
1993,GA,1,0,0,0,0,0,1
1993,HI,0,0,0,0,0,0,0
1993,IA,0,1,0,0,0,0,0
1993,ID,0,0,0,0,0,0,0
1993,IL,0,1,0,0,0,0,0
1993,IN,0,1,0,0,0,0,0
1993,KS,0,1,0,0,0,0,0
1993,KY,0,0,0,0,0,0,1
1993,LA,0,0,0,0,0,0,1
1993,MA,0,0,0,0,0,0,1
1993,MD,1,0,0,0,0,0,1
1993,ME,0,0,0,0,0,0,1
1993,MI,0,0,0,0,0,0,0
1993,MN,0,1,0,0,0,0,0
1993,MO,0,1,0,0,0,0,0
1993,MS,0,1,0,0,0,0,1
1993,MT,0,0,0,0,0,0,0
1993,NC,1,0,0,0,0,0,1
1993,ND,0,1,0,0,0,0,0
1993,NE,0,1,0,0,0,0,0
1993,NH,0,0,0,0,0,0,1
1993,NJ,0,0,0,0,0,0,1
1993,NM,0,0,0,0,0,0,0
1993,NV,0,0,0,0,0,0,0
1993,NY,0,0,0,0,0,0,1
1993,OH,0,0,0,0,0,0,1
1993,OK,0,0,0,0,0,0,0
1993,OR,0,0,0,0,0,0,0
1993,PA,0,0,0,0,0,0,1
1993,PR,0,0,0,0,0,0,0
1993,RI,0,0,0,0,0,0,1
1993,SC,1,0,0,0,0,0,1
1993,SD,0,1,0,0,0,0,0
1993,TN,1,0,0,0,0,0,1
1993,TX,0,0,0,0,0,0,1
1993,UT,0,0,0,0,0,0,0
1993,VA,1,0,0,0,0,0,1
1993,VI,0,0,0,0,0,0,0
1993,VT,0,0,0,0,0,0,1
1993,WA,0,0,0,0,0,0,0
1993,WI,0,1,0,0,0,0,0
1993,WV,0,0,0,0,0,0,1
1993,WY,0,0,0,0,0,0,0
1994,AK,0,0,0,0,0,0,0
1994,AL,0,0,0,0,1,0,1
1994,AR,0,0,0,1,0,0,1
1994,AZ,0,0,0,0,0,1,0
1994,CA,0,0,0,0,0,1,0
1994,CO,0,0,0,1,0,1,0
1994,CT,0,0,0,0,0,0,2
1994,DE,0,0,0,0,0,0,2
1994,FL,0,0,0,0,1,0,0
1994,GA,0,0,0,0,1,0,1
1994,HI,0,0,0,0,0,0,0
1994,IA,0,0,0,1,0,0,0
1994,ID,0,0,0,0,0,0,0
1994,IL,0,0,0,1,0,0,1
1994,IN,0,0,0,1,0,0,1
1994,KS,0,0,0,1,0,0,0
1994,KY,0,0,0,0,0,0,2
1994,LA,0,0,0,0,0,0,1
1994,MA,0,0,0,0,0,0,2
1994,MD,0,0,0,0,0,0,2
1994,ME,0,0,0,0,0,0,1
1994,MI,0,0,0,0,0,0,0
1994,MN,0,0,0,1,0,0,0
1994,MO,0,0,0,1,0,0,0
1994,MS,0,0,0,0,0,0,1
1994,MT,0,0,0,0,0,0,0
1994,NC,0,0,0,0,0,0,2
1994,ND,0,0,0,0,0,0,0
1994,NE,0,0,0,1,0,0,0
1994,NH,0,0,0,0,0,0,1
1994,NJ,0,0,0,0,0,0,2
1994,NM,0,0,0,0,0,1,0
1994,NV,0,0,0,0,0,1,0
1994,NY,0,0,0,0,0,0,2
1994,OH,0,0,0,0,0,0,1
1994,OK,0,0,0,1,0,0,0
1994,OR,0,0,0,0,0,1,0
1994,PA,0,0,0,0,0,0,2
1994,PR,0,0,0,0,0,0,0
1994,RI,0,0,0,0,0,0,2
1994,SC,0,0,0,0,0,0,2
1994,SD,0,0,0,1,0,0,0
1994,TN,0,0,0,0,0,0,2
1994,TX,0,1,0,1,0,1,1
1994,UT,0,0,0,0,0,1,0
1994,VA,0,0,0,0,0,0,2
1994,VI,0,0,0,0,0,0,0
1994,VT,0,0,0,0,0,0,1
1994,WA,0,0,0,0,0,1,0
1994,WI,0,0,0,0,0,0,0
1994,WV,0,0,0,0,0,0,2
1994,WY,0,0,0,0,0,0,0
1995,AK,0,0,0,0,0,0,0
1995,AL,0,0,0,0,1,0,0
1995,AR,0,0,0,0,0,0,0
1995,AZ,0,0,0,0,0,0,0
1995,CA,0,1,0,0,0,0,0
1995,CO,0,0,0,0,0,0,0
1995,CT,0,0,0,0,0,0,0
1995,DE,0,0,0,0,0,0,0
1995,FL,0,0,0,0,1,0,0
1995,GA,0,0,0,0,1,0,0
1995,HI,0,0,0,0,0,0,0
1995,IA,0,0,0,0,0,0,0
1995,ID,0,0,0,0,0,0,0
1995,IL,0,0,0,1,0,0,0
1995,IN,0,0,0,0,0,0,0
1995,KS,0,0,0,0,0,0,0
1995,KY,0,0,0,0,0,0,0
1995,LA,0,0,0,1,0,0,0
1995,MA,0,0,0,0,0,0,0
1995,MD,0,0,0,0,0,0,0
1995,ME,0,0,0,0,0,0,0
1995,MI,0,0,0,0,0,0,0
1995,MN,0,0,0,0,0,0,0
1995,MO,0,0,0,1,0,0,0
1995,MS,0,0,0,1,0,0,0
1995,MT,0,0,0,0,0,0,0
1995,NC,0,0,0,0,1,0,0
1995,ND,0,0,0,0,0,0,0
1995,NE,0,0,0,0,0,0,0
1995,NH,0,0,0,0,0,0,0
1995,NJ,0,0,0,0,0,0,0
1995,NM,0,0,0,0,0,0,0
1995,NV,0,0,0,0,0,0,0
1995,NY,0,0,0,0,0,0,0
1995,OH,0,0,0,0,0,0,0
1995,OK,0,0,0,1,0,0,0
1995,OR,0,0,0,0,0,0,0
1995,PA,0,0,0,0,0,0,0
1995,PR,0,0,0,0,1,0,0
1995,RI,0,0,0,0,0,0,0
1995,SC,0,0,0,0,1,0,0
1995,SD,0,0,0,0,0,0,0
1995,TN,0,0,0,0,1,0,0
1995,TX,0,0,0,1,0,0,0
1995,UT,0,0,0,0,0,0,0
1995,VA,0,0,0,0,0,0,0
1995,VI,0,0,0,0,1,0,0
1995,VT,0,0,0,0,0,0,0
1995,WA,0,0,0,0,0,0,0
1995,WI,0,0,0,0,0,0,0
1995,WV,0,0,0,0,0,0,0
1995,WY,0,0,0,0,0,0,0
1996,AK,0,0,0,0,0,0,0
1996,AL,0,0,0,0,0,0,0
1996,AR,0,0,0,0,0,0,1
1996,AZ,0,0,0,0,0,0,0
1996,CA,0,0,0,0,0,0,0
1996,CO,1,0,0,0,0,0,0
1996,CT,0,0,0,0,0,0,1
1996,DE,0,0,0,0,0,0,1
1996,FL,0,0,0,0,0,0,0
1996,GA,0,0,0,0,0,0,0
1996,HI,0,0,0,0,0,0,0
1996,IA,0,0,0,0,0,0,0
1996,ID,0,1,0,0,0,0,0
1996,IL,0,0,0,0,0,0,0
1996,IN,0,0,0,0,0,0,0
1996,KS,1,0,0,0,0,0,0
1996,KY,0,0,0,0,0,0,1
1996,LA,0,0,0,0,0,0,0
1996,MA,0,0,0,0,0,0,1
1996,MD,0,0,0,0,1,0,1
1996,ME,0,0,0,0,0,0,0
1996,MI,0,0,0,0,0,0,0
1996,MN,0,0,0,0,0,0,0
1996,MO,0,0,0,0,0,0,1
1996,MS,0,0,0,0,0,0,0
1996,MT,0,1,0,0,0,0,0
1996,NC,0,0,0,0,1,0,1
1996,ND,0,0,0,0,0,0,0
1996,NE,0,0,0,0,0,0,0
1996,NH,0,0,0,0,0,0,0
1996,NJ,0,0,0,0,0,0,1
1996,NM,1,0,0,0,0,0,0
1996,NV,0,0,0,0,0,0,0
1996,NY,0,0,0,0,0,0,1
1996,OH,0,0,0,0,1,0,1
1996,OK,1,0,0,0,0,0,0
1996,OR,0,1,0,0,0,0,0
1996,PA,0,0,0,0,1,0,1
1996,PR,0,0,0,0,0,0,0
1996,RI,0,0,0,0,0,0,1
1996,SC,0,0,0,0,1,0,1
1996,SD,0,0,0,0,0,0,0
1996,TN,0,0,0,0,0,0,1
1996,TX,1,0,0,0,0,0,1
1996,UT,0,0,0,0,0,0,0
1996,VA,0,0,0,0,1,0,1
1996,VI,0,0,0,0,0,0,0
1996,VT,0,0,0,0,0,0,0
1996,WA,0,1,0,0,0,0,0
1996,WI,0,0,0,0,0,0,0
1996,WV,0,0,0,0,1,0,1
1996,WY,0,0,0,0,0,0,0
1997,AK,0,0,0,0,0,0,0
1997,AL,0,0,0,0,0,0,0
1997,AR,0,0,0,1,0,0,0
1997,AZ,0,0,0,0,0,0,0
1997,CA,0,1,0,0,0,0,0
1997,CO,0,0,0,0,0,0,0
1997,CT,0,0,0,1,0,0,0
1997,DE,0,0,0,0,0,0,0
1997,FL,0,0,0,0,0,0,0
1997,GA,0,0,0,1,0,0,0
1997,HI,0,0,0,0,0,0,0
1997,IA,0,0,0,0,0,0,0
1997,ID,0,1,0,0,0,0,0
1997,IL,0,0,0,0,0,0,0
1997,IN,0,0,0,0,0,0,0
1997,KS,0,0,0,0,0,0,0
1997,KY,0,0,0,1,0,0,0
1997,LA,0,0,0,0,0,0,0
1997,MA,0,0,0,1,0,0,0
1997,MD,0,0,0,0,0,0,0
1997,ME,0,0,0,1,0,0,0
1997,MI,0,0,0,0,0,0,0
1997,MN,0,1,0,0,0,0,0
1997,MO,0,0,0,0,0,0,0
1997,MS,0,0,0,1,0,0,0
1997,MT,0,1,0,0,0,0,0
1997,NC,0,0,0,1,0,0,0
1997,ND,0,1,0,0,0,0,0
1997,NE,0,0,0,0,0,0,0
1997,NH,0,0,0,1,0,0,0
1997,NJ,0,0,0,1,0,0,0
1997,NM,0,0,0,0,0,0,0
1997,NV,0,1,0,0,0,0,0
1997,NY,0,0,0,1,0,0,0
1997,OH,0,0,0,1,0,0,0
1997,OK,0,0,0,0,0,0,0
1997,OR,0,1,0,0,0,0,0
1997,PA,0,0,0,1,0,0,0
1997,PR,0,0,0,0,0,0,0
1997,RI,0,0,0,1,0,0,0
1997,SC,0,0,0,0,0,0,0
1997,SD,0,1,0,0,0,0,0
1997,TN,0,0,0,1,0,0,0
1997,TX,0,0,0,1,0,0,0
1997,UT,0,0,0,0,0,0,0
1997,VA,0,0,0,0,0,0,0
1997,VI,0,0,0,0,0,0,0
1997,VT,0,0,0,1,0,0,0
1997,WA,0,1,0,0,0,0,0
1997,WI,0,0,0,0,0,0,0
1997,WV,0,0,0,1,0,0,0
1997,WY,0,0,0,0,0,0,0
1998,AK,0,0,0,0,0,0,0
1998,AL,1,0,0,1,1,0,0
1998,AR,1,0,0,0,0,0,0
1998,AZ,0,0,0,0,0,0,0
1998,CA,0,0,1,1,0,0,0
1998,CO,0,0,0,0,0,0,0
1998,CT,0,0,0,0,0,0,0
1998,DE,0,0,0,0,0,0,0
1998,FL,1,0,0,1,1,0,0
1998,GA,1,0,0,1,0,0,0
1998,HI,0,0,0,0,0,0,0
1998,IA,0,0,0,1,0,0,0
1998,ID,0,0,0,0,0,0,0
1998,IL,0,0,0,0,0,0,0
1998,IN,0,0,0,0,0,0,0
1998,KS,0,0,0,0,0,0,0
1998,KY,0,0,0,1,0,0,0
1998,LA,1,0,0,1,1,0,0
1998,MA,0,0,0,1,0,0,0
1998,MD,0,0,0,1,0,0,0
1998,ME,0,0,0,0,0,0,1
1998,MI,0,0,0,1,0,0,0
1998,MN,0,0,0,2,0,0,0
1998,MO,0,0,0,0,0,0,0
1998,MS,1,0,0,1,1,0,0
1998,MT,0,0,0,0,0,0,0
1998,NC,1,0,0,2,1,0,0
1998,ND,0,0,0,0,0,0,0
1998,NE,0,0,0,0,0,0,0
1998,NH,0,0,0,1,0,0,1
1998,NJ,0,0,0,1,0,0,0
1998,NM,0,0,0,0,0,0,0
1998,NV,0,0,0,0,0,0,0
1998,NY,0,0,0,1,0,0,1
1998,OH,0,0,0,1,0,0,0
1998,OK,1,0,0,0,0,0,0
1998,OR,0,0,0,0,0,0,0
1998,PA,0,0,0,1,0,0,0
1998,PR,0,0,0,0,1,0,0
1998,RI,0,0,0,0,0,0,0
1998,SC,1,0,0,1,1,0,0
1998,SD,0,0,0,1,0,0,0
1998,TN,1,0,0,1,0,0,0
1998,TX,1,1,0,1,0,0,0
1998,UT,0,0,0,0,0,0,0
1998,VA,1,0,0,1,1,0,0
1998,VI,0,0,0,0,1,0,0
1998,VT,0,0,0,1,0,0,1
1998,WA,0,0,0,0,0,0,0
1998,WI,0,0,0,1,0,0,0
1998,WV,0,0,0,1,0,0,0
1998,WY,0,0,0,0,0,0,0
1999,AK,0,0,0,0,0,0,0
1999,AL,1,0,0,1,0,0,1
1999,AR,1,0,0,1,0,0,1
1999,AZ,0,0,0,0,0,0,0
1999,CA,0,0,0,0,0,0,0
1999,CO,0,0,0,0,0,0,0
1999,CT,0,0,0,0,1,0,2
1999,DE,0,0,0,0,1,0,1
1999,FL,1,0,0,1,0,0,1
1999,GA,1,0,0,1,0,0,1
1999,HI,0,0,0,0,0,0,0
1999,IA,0,0,0,0,0,0,0
1999,ID,0,0,0,0,0,0,0
1999,IL,0,0,0,1,0,0,2
1999,IN,0,0,0,1,0,0,2
1999,KS,0,0,0,1,0,0,0
1999,KY,1,0,0,1,0,0,1
1999,LA,1,0,0,1,0,0,1
1999,MA,0,0,0,0,1,0,2
1999,MD,1,0,0,0,1,0,2
1999,ME,0,0,0,0,0,0,2
1999,MI,0,0,0,0,0,0,1
1999,MN,0,0,0,0,0,0,0
1999,MO,0,0,0,1,0,0,1
1999,MS,1,0,0,1,0,0,1
1999,MT,0,0,0,0,0,0,0
1999,NC,1,0,0,1,1,0,1
1999,ND,0,0,0,0,0,0,0
1999,NE,0,0,0,1,0,0,0
1999,NH,0,0,0,0,1,0,1
1999,NJ,1,0,0,0,1,0,2
1999,NM,0,0,0,0,0,0,0
1999,NV,0,0,0,0,0,0,0
1999,NY,0,0,0,0,1,0,2
1999,OH,1,0,0,1,0,0,2
1999,OK,0,0,0,1,0,0,1
1999,OR,0,0,0,0,0,0,0
1999,PA,1,0,0,0,1,0,2
1999,PR,0,0,0,0,0,0,0
1999,RI,0,0,0,0,1,0,1
1999,SC,1,0,0,1,1,0,1
1999,SD,0,0,0,0,0,0,0
1999,TN,1,0,0,1,0,0,1
1999,TX,0,0,0,1,0,0,1
1999,UT,0,0,0,0,0,0,0
1999,VA,1,0,0,0,1,0,2
1999,VI,0,0,0,0,0,0,0
1999,VT,0,0,0,0,1,0,2
1999,WA,0,0,0,0,0,0,0
1999,WI,0,0,0,0,0,0,0
1999,WV,1,0,0,0,0,0,2
1999,WY,0,0,0,0,0,0,0
2000,AK,0,0,0,0,0,0,0
2000,AL,1,0,0,0,0,0,0
2000,AR,1,0,0,0,0,0,0
2000,AZ,1,0,0,0,0,0,0
2000,CA,1,0,0,0,0,0,0
2000,CO,1,0,0,0,0,1,0
2000,CT,0,0,0,0,0,0,0
2000,DE,0,0,0,0,0,0,0
2000,FL,1,0,0,0,0,0,0
2000,GA,1,0,0,0,0,0,0
2000,HI,0,0,0,0,0,0,0
2000,IA,1,0,0,0,0,0,0
2000,ID,0,0,0,0,0,1,0
2000,IL,0,0,0,0,0,0,0
2000,IN,0,0,0,0,0,0,0
2000,KS,1,0,0,0,0,0,0
2000,KY,0,0,0,0,0,0,0
2000,LA,1,0,0,0,0,0,0
2000,MA,0,0,0,0,0,0,0
2000,MD,0,0,0,0,0,0,0
2000,ME,0,0,0,0,0,0,0
2000,MI,0,0,0,0,0,0,0
2000,MN,0,0,0,0,0,0,0
2000,MO,0,0,0,0,0,0,0
2000,MS,1,0,0,0,0,0,0
2000,MT,1,0,0,0,0,1,0
2000,NC,0,0,0,0,0,0,0
2000,ND,0,0,0,0,0,0,0
2000,NE,1,0,0,0,0,0,0
2000,NH,0,0,0,0,0,0,0
2000,NJ,0,0,0,0,0,0,0
2000,NM,1,0,0,0,0,1,0
2000,NV,0,0,0,0,0,0,0
2000,NY,0,0,0,0,0,0,0
2000,OH,0,0,0,0,0,0,0
2000,OK,1,0,0,0,0,0,0
2000,OR,1,0,0,0,0,0,0
2000,PA,0,0,0,0,0,0,0
2000,PR,0,0,0,0,0,0,0
2000,RI,0,0,0,0,0,0,0
2000,SC,1,0,0,0,0,0,0
2000,SD,0,0,0,0,0,0,0
2000,TN,1,0,0,0,0,0,0
2000,TX,1,0,0,0,0,0,0
2000,UT,0,0,0,0,0,0,0
2000,VA,0,0,0,0,0,0,0
2000,VI,0,0,0,0,0,0,0
2000,VT,0,0,0,0,0,0,0
2000,WA,0,0,0,0,0,1,0
2000,WI,0,0,0,0,0,0,0
2000,WV,0,0,0,0,0,0,0
2000,WY,0,0,0,0,0,1,0
2001,AK,0,0,0,0,0,0,0
2001,AL,0,0,0,0,0,0,0
2001,AR,0,0,0,1,0,0,0
2001,AZ,0,0,0,0,0,0,0
2001,CA,0,0,0,0,0,0,0
2001,CO,0,0,0,1,0,0,0
2001,CT,0,0,0,0,0,0,0
2001,DE,0,0,0,0,0,0,0
2001,FL,0,0,0,0,1,0,0
2001,GA,0,0,0,0,0,0,0
2001,HI,0,0,0,0,0,0,0
2001,IA,0,0,0,1,0,0,0
2001,ID,0,0,0,0,0,0,0
2001,IL,0,0,0,1,0,0,0
2001,IN,0,0,0,1,0,0,0
2001,KS,0,0,0,1,0,0,0
2001,KY,0,0,0,1,0,0,0
2001,LA,0,0,0,0,1,0,0
2001,MA,0,0,0,0,0,0,0
2001,MD,0,0,0,0,0,0,0
2001,ME,0,0,0,0,0,0,0
2001,MI,0,0,0,1,0,0,0
2001,MN,0,0,0,1,0,0,0
2001,MO,0,0,0,1,0,0,0
2001,MS,0,0,0,0,1,0,0
2001,MT,0,0,0,0,0,0,0
2001,NC,0,0,0,0,0,0,0
2001,ND,0,0,0,0,0,0,0
2001,NE,0,0,0,1,0,0,0
2001,NH,0,0,0,0,0,0,0
2001,NJ,0,0,0,0,1,0,0
2001,NM,0,0,0,0,0,0,0
2001,NV,0,0,0,0,0,0,0
2001,NY,0,0,0,0,0,0,0
2001,OH,0,0,0,1,0,0,0
2001,OK,0,0,0,1,0,0,0
2001,OR,0,0,0,0,0,0,0
2001,PA,0,0,0,1,1,0,0
2001,PR,0,0,0,0,0,0,0
2001,RI,0,0,0,0,0,0,0
2001,SC,0,0,0,0,0,0,0
2001,SD,0,0,0,0,0,0,0
2001,TN,0,0,0,0,0,0,0
2001,TX,0,0,0,1,1,0,0
2001,UT,0,0,0,0,0,0,0
2001,VA,0,0,0,0,0,0,0
2001,VI,0,0,0,0,0,0,0
2001,VT,0,0,0,0,0,0,0
2001,WA,0,0,0,0,0,0,0
2001,WI,0,0,0,1,0,0,0
2001,WV,0,0,0,0,0,0,0
2001,WY,0,0,0,0,0,0,0
2002,AK,0,0,0,0,0,1,0
2002,AL,0,0,0,0,0,1,0
2002,AR,0,0,0,1,0,0,0
2002,AZ,1,0,0,0,0,1,0
2002,CA,1,0,0,0,0,1,0
2002,CO,1,0,0,0,0,1,0
2002,CT,0,0,0,0,0,0,0
2002,DE,1,0,0,0,0,0,0
2002,FL,0,0,0,0,0,0,0
2002,GA,1,0,0,1,0,1,0
2002,HI,0,0,0,0,0,0,0
2002,IA,0,0,0,0,0,0,0
2002,ID,1,0,0,0,0,0,0
2002,IL,1,0,0,1,0,0,0
2002,IN,1,0,0,1,0,0,0
2002,KS,1,0,0,1,0,0,0
2002,KY,1,0,0,1,0,0,0
2002,LA,1,0,0,0,1,0,0
2002,MA,0,0,0,0,0,0,0
2002,MD,1,0,0,1,0,0,0
2002,ME,0,0,0,0,0,0,0
2002,MI,0,0,0,0,0,0,0
2002,MN,0,0,0,0,0,0,0
2002,MO,1,0,0,1,0,0,0
2002,MS,0,0,0,1,1,0,0
2002,MT,1,0,0,0,0,0,0
2002,NC,1,0,0,1,0,0,0
2002,ND,1,0,0,0,0,0,0
2002,NE,1,0,0,0,0,0,0
2002,NH,0,0,0,0,0,0,0
2002,NJ,1,0,0,0,0,0,0
2002,NM,1,0,0,0,0,1,0
2002,NV,0,0,0,0,0,1,0
2002,NY,1,0,0,1,0,0,0
2002,OH,1,0,0,1,0,0,0
2002,OK,1,0,0,0,0,0,0
2002,OR,1,0,0,0,0,1,0
2002,PA,1,0,0,1,0,0,0
2002,PR,0,0,0,0,0,0,0
2002,RI,0,0,0,0,0,0,0
2002,SC,1,0,0,0,0,0,0
2002,SD,1,0,0,0,0,0,0
2002,TN,1,0,0,1,0,0,0
2002,TX,1,0,0,1,0,0,0
2002,UT,0,0,0,0,0,1,0
2002,VA,1,0,0,1,0,0,0
2002,VI,0,0,0,0,0,0,0
2002,VT,0,0,0,0,0,0,0
2002,WA,1,0,0,0,0,0,0
2002,WI,0,0,0,0,0,0,0
2002,WV,1,0,0,1,0,0,0
2002,WY,1,0,0,0,0,0,0
2003,AK,0,0,0,0,0,1,0
2003,AL,0,0,0,3,0,0,0
2003,AR,0,0,0,2,0,0,0
2003,AZ,1,0,0,0,0,1,0
2003,CA,0,0,0,0,0,1,0
2003,CO,1,0,0,1,0,0,0
2003,CT,0,0,0,0,0,0,0
2003,DE,0,0,0,0,1,0,0
2003,FL,0,0,0,1,0,0,0
2003,GA,0,0,0,2,0,0,0
2003,HI,0,0,0,0,0,0,0
2003,IA,1,0,0,2,0,0,0
2003,ID,1,0,0,0,0,1,0
2003,IL,1,0,0,4,0,0,0
2003,IN,0,0,0,4,0,0,0
2003,KS,1,0,0,1,0,0,0
2003,KY,0,0,0,2,0,0,0
2003,LA,0,0,0,1,0,0,0
2003,MA,0,0,0,0,0,0,0
2003,MD,0,0,0,0,1,0,0
2003,ME,0,0,0,0,0,0,0
2003,MI,1,0,0,3,0,0,0
2003,MN,1,0,0,1,0,1,0
2003,MO,1,0,0,2,0,0,0
2003,MS,0,0,0,3,0,0,0
2003,MT,1,0,0,0,0,1,0
2003,NC,0,0,0,1,1,0,0
2003,ND,1,0,0,0,0,0,0
2003,NE,1,0,0,1,0,0,0
2003,NH,0,0,0,0,0,0,0
2003,NJ,0,0,0,0,1,0,0
2003,NM,1,0,0,0,0,0,0
2003,NV,0,0,0,0,0,0,0
2003,NY,0,0,0,2,1,0,0
2003,OH,0,0,0,3,0,0,0
2003,OK,0,0,0,1,0,1,0
2003,OR,1,0,0,0,0,1,0
2003,PA,0,0,0,1,1,0,0
2003,PR,0,0,0,0,0,0,0
2003,RI,0,0,0,0,0,0,0
2003,SC,0,0,0,2,0,0,0
2003,SD,1,0,0,1,0,0,0
2003,TN,0,0,0,3,0,0,0
2003,TX,0,0,0,1,0,0,0
2003,UT,1,0,0,0,0,1,0
2003,VA,0,0,0,1,1,0,0
2003,VI,0,0,0,0,0,0,0
2003,VT,0,0,0,0,0,0,0
2003,WA,1,0,0,0,0,1,0
2003,WI,1,0,0,0,0,0,0
2003,WV,0,0,0,1,1,0,0
2003,WY,0,0,0,0,0,0,0
2004,AK,0,0,0,0,0,0,0
2004,AL,0,0,0,0,1,0,0
2004,AR,0,0,0,0,0,0,0
2004,AZ,0,0,0,0,0,0,0
2004,CA,0,0,0,0,0,0,0
2004,CO,0,0,0,0,0,0,0
2004,CT,0,0,0,0,0,0,0
2004,DE,0,0,0,0,2,0,0
2004,FL,0,0,0,0,4,0,0
2004,GA,0,0,0,0,3,0,0
2004,HI,0,0,0,0,0,0,0
2004,IA,0,0,0,1,0,0,0
2004,ID,0,0,0,0,0,0,0
2004,IL,0,0,0,1,0,0,0
2004,IN,0,0,0,1,0,0,0
2004,KS,0,0,0,0,0,0,0
2004,KY,0,0,0,1,1,0,0
2004,LA,0,0,0,0,1,0,0
2004,MA,0,0,0,0,0,0,0
2004,MD,0,0,0,0,2,0,0
2004,ME,0,0,0,0,0,0,0
2004,MI,0,0,0,1,0,0,0
2004,MN,0,0,0,0,0,0,0
2004,MO,0,0,0,1,0,0,0
2004,MS,0,0,0,0,1,0,0
2004,MT,0,0,0,0,0,0,0
2004,NC,0,0,0,1,4,0,0
2004,ND,0,0,0,0,0,0,0
2004,NE,0,0,0,1,0,0,0
2004,NH,0,0,0,0,0,0,0
2004,NJ,0,0,0,0,2,0,0
2004,NM,0,0,0,0,0,0,0
2004,NV,0,0,0,0,0,0,0
2004,NY,0,0,0,1,3,0,0
2004,OH,0,0,0,1,1,0,0
2004,OK,0,0,0,1,0,0,0
2004,OR,0,0,0,0,0,0,0
2004,PA,0,0,0,0,2,0,0
2004,PR,0,0,0,0,1,0,0
2004,RI,0,0,0,0,0,0,0
2004,SC,0,0,0,0,3,0,0
2004,SD,0,0,0,0,0,0,0
2004,TN,0,0,0,0,1,0,0
2004,TX,0,0,0,0,0,0,0
2004,UT,0,0,0,0,0,0,0
2004,VA,0,0,0,0,2,0,0
2004,VI,0,0,0,0,0,0,0
2004,VT,0,0,0,0,0,0,0
2004,WA,0,0,0,0,0,0,0
2004,WI,0,0,0,1,0,0,0
2004,WV,0,0,0,0,1,0,0
2004,WY,0,0,0,0,0,0,0
2005,AK,0,0,0,0,0,0,0
2005,AL,0,0,0,0,3,0,0
2005,AR,1,0,0,0,1,0,0
2005,AZ,0,0,0,0,0,0,0
2005,CA,0,0,0,0,0,0,0
2005,CO,0,0,0,0,0,0,0
2005,CT,0,0,0,0,0,0,0
2005,DE,0,0,0,0,0,0,0
2005,FL,0,0,0,0,4,0,0
2005,GA,0,0,0,0,2,0,0
2005,HI,0,0,0,0,0,0,0
2005,IA,0,0,0,0,0,0,0
2005,ID,0,0,0,0,0,0,0
2005,IL,1,0,0,0,0,0,0
2005,IN,0,0,0,0,0,0,0
2005,KS,0,0,0,0,0,0,0
2005,KY,0,0,0,0,1,0,0
2005,LA,0,0,0,0,2,0,0
2005,MA,0,0,0,0,0,0,0
2005,MD,0,0,0,0,0,0,0
2005,ME,0,0,0,0,0,0,0
2005,MI,0,0,0,0,0,0,0
2005,MN,0,0,0,0,0,0,0
2005,MO,1,0,0,0,0,0,0
2005,MS,0,0,0,0,3,0,0
2005,MT,0,0,0,0,0,0,0
2005,NC,0,0,0,0,0,0,0
2005,ND,0,0,0,0,0,0,0
2005,NE,0,0,0,0,0,0,0
2005,NH,0,0,0,0,0,0,0
2005,NJ,0,0,0,0,0,0,0
2005,NM,0,0,0,0,0,0,0
2005,NV,0,0,0,0,0,0,0
2005,NY,0,0,0,0,0,0,0
2005,OH,1,0,0,0,0,0,0
2005,OK,0,0,0,0,0,0,0
2005,OR,1,0,0,0,0,0,0
2005,PA,0,0,0,0,0,0,0
2005,PR,0,0,0,0,0,0,0
2005,RI,0,0,0,0,0,0,0
2005,SC,0,0,0,0,0,0,0
2005,SD,1,0,0,0,0,0,0
2005,TN,0,0,0,0,1,0,0
2005,TX,0,0,0,0,1,0,0
2005,UT,0,0,0,0,0,0,0
2005,VA,0,0,0,0,0,0,0
2005,VI,0,0,0,0,0,0,0
2005,VT,0,0,0,0,0,0,0
2005,WA,1,0,0,0,0,0,0
2005,WI,1,0,0,0,0,0,0
2005,WV,0,0,0,0,0,0,0
2005,WY,0,0,0,0,0,0,0
2006,AK,0,0,0,0,0,1,0
2006,AL,1,0,0,2,0,0,0
2006,AR,1,0,0,1,0,0,0
2006,AZ,1,0,0,0,0,1,0
2006,CA,0,0,0,0,0,1,0
2006,CO,1,0,0,0,0,0,0
2006,CT,0,0,0,0,0,0,0
2006,DE,0,1,0,0,0,0,0
2006,FL,1,0,0,0,0,1,0
2006,GA,1,0,0,1,0,0,0
2006,HI,0,0,0,0,0,0,0
2006,IA,1,0,0,1,0,0,0
2006,ID,0,0,0,0,0,1,0
2006,IL,0,0,0,2,0,0,0
2006,IN,0,0,0,3,0,0,0
2006,KS,1,0,0,2,0,0,0
2006,KY,0,0,0,2,0,0,0
2006,LA,1,0,0,0,0,0,0
2006,MA,0,0,0,0,0,0,0
2006,MD,0,1,0,0,0,0,0
2006,ME,0,0,0,0,0,0,0
2006,MI,0,0,0,0,0,0,0
2006,MN,1,0,0,0,0,0,0
2006,MO,0,0,0,1,0,0,0
2006,MS,1,0,0,1,0,1,0
2006,MT,1,0,0,0,0,1,0
2006,NC,0,0,0,0,0,0,0
2006,ND,1,0,0,0,0,0,0
2006,NE,1,0,0,1,0,0,0
2006,NH,0,0,0,0,0,0,0
2006,NJ,0,1,0,0,0,0,0
2006,NM,1,0,0,0,0,1,0
2006,NV,0,0,0,0,0,1,0
2006,NY,0,1,0,0,0,0,0
2006,OH,0,0,0,1,0,0,0
2006,OK,1,0,0,1,0,1,0
2006,OR,0,0,0,0,0,1,0
2006,PA,0,1,0,0,0,0,0
2006,PR,0,0,0,0,0,0,0
2006,RI,0,0,0,0,0,0,0
2006,SC,0,0,0,0,0,0,0
2006,SD,1,0,0,0,0,1,0
2006,TN,0,0,0,2,0,0,0
2006,TX,1,0,0,1,0,1,0
2006,UT,0,0,0,0,0,1,0
2006,VA,0,1,0,0,0,0,0
2006,VI,0,0,0,0,0,0,0
2006,VT,0,0,0,0,0,0,0
2006,WA,0,0,0,0,0,1,0
2006,WI,0,0,0,1,0,0,0
2006,WV,0,0,0,0,0,0,0
2006,WY,1,0,0,0,0,1,0
2007,AK,0,0,0,0,0,1,0
2007,AL,1,0,1,0,0,0,0
2007,AR,1,0,1,0,0,0,0
2007,AZ,1,0,0,0,0,1,0
2007,CA,1,0,1,0,0,1,0
2007,CO,0,0,0,0,0,0,0
2007,CT,0,0,0,1,0,0,0
2007,DE,1,0,0,1,0,0,0
2007,FL,1,0,0,0,0,1,0
2007,GA,1,0,1,1,0,1,0
2007,HI,0,0,0,0,0,0,0
2007,IA,0,0,1,0,0,0,0
2007,ID,1,0,0,0,0,1,0
2007,IL,0,0,1,0,0,0,0
2007,IN,1,0,1,0,0,0,0
2007,KS,0,0,1,0,0,0,0
2007,KY,1,0,1,0,0,0,0
2007,LA,0,0,0,1,0,0,0
2007,MA,0,0,0,1,0,0,0
2007,MD,1,0,0,1,0,0,0
2007,ME,0,0,0,1,0,0,0
2007,MI,1,0,0,0,0,0,0
2007,MN,1,0,0,0,0,1,0
2007,MO,0,0,1,0,0,0,0
2007,MS,1,0,1,1,0,0,0
2007,MT,0,0,0,0,0,1,0
2007,NC,1,0,1,1,0,0,0
2007,ND,0,0,0,0,0,0,0
2007,NE,0,0,1,0,0,0,0
2007,NH,0,0,0,1,0,0,0
2007,NJ,1,0,0,1,0,0,0
2007,NM,0,0,0,0,0,0,0
2007,NV,1,0,0,0,0,1,0
2007,NY,1,0,0,1,0,0,0
2007,OH,1,0,1,0,0,0,0
2007,OK,0,0,1,0,0,0,0
2007,OR,1,0,0,0,0,1,0
2007,PA,1,0,0,1,0,0,0
2007,PR,0,0,0,0,0,0,0
2007,RI,0,0,0,1,0,0,0
2007,SC,1,0,1,1,0,0,0
2007,SD,0,0,0,0,0,0,0
2007,TN,1,0,1,0,0,0,0
2007,TX,0,0,0,1,0,0,0
2007,UT,1,0,0,0,0,1,0
2007,VA,1,0,1,1,0,0,0
2007,VI,0,0,0,0,0,0,0
2007,VT,0,0,0,1,0,0,0
2007,WA,0,0,0,0,0,1,0
2007,WI,1,0,0,0,0,0,0
2007,WV,1,0,1,0,0,0,0
2007,WY,1,0,0,0,0,0,0
2008,AK,0,0,0,0,0,0,0
2008,AL,1,0,0,1,2,0,0
2008,AR,1,0,0,2,2,0,0
2008,AZ,0,0,0,0,0,1,0
2008,CA,1,0,0,0,0,1,0
2008,CO,1,0,0,1,0,1,0
2008,CT,0,0,0,1,0,0,0
2008,DE,0,0,0,0,0,0,0
2008,FL,0,0,0,0,0,1,0
2008,GA,1,0,0,1,0,0,0
2008,HI,0,0,0,0,0,0,0
2008,IA,0,1,0,2,0,0,0
2008,ID,1,0,0,0,0,1,0
2008,IL,0,1,0,2,1,0,0
2008,IN,1,1,0,3,1,0,0
2008,KS,1,1,0,2,0,0,0
2008,KY,1,0,0,1,1,0,0
2008,LA,0,0,0,0,2,0,0
2008,MA,0,0,0,0,0,0,0
2008,MD,1,0,0,0,0,0,0
2008,ME,0,0,0,0,0,0,0
2008,MI,0,1,0,1,0,0,0
2008,MN,1,1,0,2,0,0,0
2008,MO,0,1,0,1,1,0,0
2008,MS,1,0,0,1,1,0,0
2008,MT,1,0,0,0,0,1,0
2008,NC,1,0,0,0,0,1,0
2008,ND,1,0,0,0,0,0,0
2008,NE,0,1,0,2,0,0,0
2008,NH,0,0,0,0,0,0,0
2008,NJ,1,0,0,1,0,0,0
2008,NM,1,0,0,0,1,1,0
2008,NV,0,0,0,0,0,1,0
2008,NY,0,0,0,1,0,0,0
2008,OH,1,0,0,1,1,0,0
2008,OK,1,1,0,3,0,1,0
2008,OR,1,0,0,0,0,1,0
2008,PA,0,0,0,1,1,0,0
2008,PR,0,0,0,0,0,0,0
2008,RI,0,0,0,0,0,0,0
2008,SC,1,0,0,1,0,0,0
2008,SD,0,0,0,0,0,0,0
2008,TN,1,0,0,1,0,0,0
2008,TX,1,0,0,2,2,1,0
2008,UT,0,0,0,0,0,1,0
2008,VA,1,0,0,0,0,0,0
2008,VI,0,0,0,0,0,0,0
2008,VT,0,0,0,0,0,0,0
2008,WA,1,0,0,0,0,1,0
2008,WI,1,1,0,1,0,0,0
2008,WV,0,0,0,0,0,0,0
2008,WY,0,0,0,1,0,0,0
2009,AK,0,0,0,0,0,1,0
2009,AL,0,0,0,3,0,0,0
2009,AR,0,0,0,2,0,0,0
2009,AZ,0,0,0,0,0,1,0
2009,CA,1,0,0,0,0,1,0
2009,CO,0,0,0,1,0,1,0
2009,CT,0,0,0,0,0,0,0
2009,DE,0,0,0,0,0,0,0
2009,FL,0,0,0,0,0,0,0
2009,GA,0,0,0,2,0,0,0
2009,HI,0,0,0,0,0,0,0
2009,IA,0,0,0,1,0,0,0
2009,ID,1,0,0,0,0,0,0
2009,IL,0,0,0,0,0,0,0
2009,IN,0,0,0,0,0,0,0
2009,KS,1,0,0,2,0,0,0
2009,KY,0,0,0,4,0,0,0
2009,LA,1,0,0,1,0,0,0
2009,MA,0,0,0,0,0,0,0
2009,MD,0,0,0,1,0,0,0
2009,ME,0,0,0,0,0,0,0
2009,MI,0,0,0,0,0,0,0
2009,MN,0,0,0,0,0,0,0
2009,MO,0,0,0,2,0,0,0
2009,MS,0,0,0,2,0,0,0
2009,MT,0,0,0,0,0,0,0
2009,NC,1,0,0,1,0,0,0
2009,ND,0,0,0,0,0,0,0
2009,NE,0,0,0,2,0,0,0
2009,NH,0,0,0,0,0,0,0
2009,NJ,0,0,0,0,0,0,0
2009,NM,1,0,0,0,0,1,0
2009,NV,0,0,0,0,0,0,0
2009,NY,0,0,0,0,0,0,0
2009,OH,0,0,0,1,0,0,0
2009,OK,1,0,0,3,0,1,0
2009,OR,1,0,0,0,0,0,0
2009,PA,0,0,0,2,0,0,0
2009,PR,0,0,0,0,0,0,0
2009,RI,0,0,0,0,0,0,0
2009,SC,0,0,0,2,0,0,0
2009,SD,0,0,0,0,0,0,0
2009,TN,0,0,0,4,0,0,0
2009,TX,1,0,0,3,0,1,0
2009,UT,0,0,0,0,0,0,0
2009,VA,0,0,0,1,0,0,0
2009,VI,0,0,0,0,0,0,0
2009,VT,0,0,0,0,0,0,0
2009,WA,1,0,0,0,0,0,0
2009,WI,0,0,0,0,0,0,0
2009,WV,0,0,0,1,0,0,0
2009,WY,0,0,0,0,0,0,0
2010,AK,0,0,0,0,0,0,0
2010,AL,0,1,0,0,0,0,0
2010,AR,0,1,0,0,0,0,0
2010,AZ,0,0,0,1,0,0,0
2010,CA,0,0,0,0,0,0,0
2010,CO,0,0,0,0,0,0,0
2010,CT,0,1,0,0,0,0,0
2010,DE,0,0,0,0,0,0,0
2010,FL,0,0,0,0,0,0,0
2010,GA,0,1,0,0,0,0,0
2010,HI,0,0,0,0,0,0,0
2010,IA,0,0,0,1,0,0,0
2010,ID,0,0,0,0,0,0,0
2010,IL,0,0,0,2,0,0,0
2010,IN,0,0,0,0,0,0,0
2010,KS,0,0,0,1,0,0,0
2010,KY,0,1,0,0,0,0,0
2010,LA,0,0,0,0,0,0,0
2010,MA,0,1,0,0,0,0,0
2010,MD,0,0,0,2,0,0,0
2010,ME,0,0,0,0,0,0,0
2010,MI,0,0,0,0,0,0,0
2010,MN,0,0,0,0,0,0,0
2010,MO,0,0,0,0,0,0,0
2010,MS,0,0,0,0,0,0,0
2010,MT,0,0,0,0,0,0,0
2010,NC,0,0,0,0,0,0,0
2010,ND,0,0,0,0,0,0,0
2010,NE,0,0,0,0,0,0,0
2010,NH,0,0,0,0,0,0,0
2010,NJ,0,1,0,0,0,0,0
2010,NM,0,0,0,0,0,0,0
2010,NV,0,0,0,0,0,0,0
2010,NY,0,1,0,1,0,0,0
2010,OH,0,0,0,0,0,0,0
2010,OK,0,0,0,1,0,0,0
2010,OR,0,0,0,0,0,0,0
2010,PA,0,1,0,2,0,0,0
2010,PR,0,0,0,0,0,0,0
2010,RI,0,1,0,0,0,0,0
2010,SC,0,0,0,0,0,0,0
2010,SD,0,0,0,0,0,0,0
2010,TN,0,1,0,0,0,0,0
2010,TX,0,0,0,1,0,0,0
2010,UT,0,0,0,0,0,0,0
2010,VA,0,0,0,0,0,0,0
2010,VI,0,0,0,0,0,0,0
2010,VT,0,0,0,0,0,0,0
2010,WA,0,0,0,0,0,0,0
2010,WI,0,0,0,1,0,0,0
2010,WV,0,0,0,0,0,0,0
2010,WY,0,0,0,0,0,0,0
2011,AK,0,0,0,0,0,0,0
2011,AL,1,0,0,3,1,0,0
2011,AR,1,1,0,4,0,0,0
2011,AZ,0,0,0,0,0,1,0
2011,CA,0,0,0,0,0,0,0
2011,CO,1,0,0,1,0,1,0
2011,CT,0,0,0,0,2,0,1
2011,DE,1,0,0,0,0,0,0
2011,FL,0,0,0,0,0,1,0
2011,GA,1,0,0,5,1,0,0
2011,HI,0,0,0,0,0,0,0
2011,IA,1,2,0,4,0,0,0
2011,ID,0,0,0,0,0,1,0
2011,IL,1,0,0,6,0,0,1
2011,IN,1,0,0,3,0,0,1
2011,KS,1,1,0,5,0,0,0
2011,KY,1,0,0,4,0,0,0
2011,LA,1,1,0,1,1,0,0
2011,MA,0,0,0,0,1,0,1
2011,MD,1,0,0,0,2,0,0
2011,ME,0,0,0,0,0,0,0
2011,MI,0,0,0,2,0,0,0
2011,MN,0,0,0,2,0,0,0
2011,MO,1,2,0,6,0,0,0
2011,MS,1,1,0,2,1,0,0
2011,MT,0,1,0,0,0,1,0
2011,NC,1,0,0,4,1,0,0
2011,ND,0,1,0,0,0,0,0
2011,NE,0,1,0,2,0,0,0
2011,NH,0,0,0,0,1,0,0
2011,NJ,0,0,0,0,2,0,0
2011,NM,1,0,0,0,0,1,0
2011,NV,0,0,0,0,0,1,0
2011,NY,0,0,0,0,2,0,1
2011,OH,0,0,0,4,0,0,1
2011,OK,1,0,0,5,0,1,1
2011,OR,0,0,0,0,0,1,0
2011,PA,1,0,0,2,1,0,1
2011,PR,0,0,0,0,0,0,0
2011,RI,0,0,0,0,1,0,1
2011,SC,1,0,0,4,0,0,0
2011,SD,0,1,0,1,0,0,0
2011,TN,1,1,0,6,1,0,0
2011,TX,1,0,0,6,0,1,1
2011,UT,0,0,0,0,0,0,0
2011,VA,1,0,0,3,2,0,0
2011,VI,0,0,0,0,0,0,0
2011,VT,0,0,0,0,1,0,0
2011,WA,0,0,0,0,0,0,0
2011,WI,0,0,0,3,0,0,0
2011,WV,1,0,0,0,0,0,0
2011,WY,0,0,0,1,0,0,0
2012,AK,0,0,0,0,0,0,0
2012,AL,1,0,0,1,1,0,0
2012,AR,1,0,0,0,0,0,0
2012,AZ,1,0,0,0,0,1,0
2012,CA,1,0,0,0,0,1,0
2012,CO,1,0,0,1,0,1,0
2012,CT,0,0,0,0,1,0,0
2012,DE,1,0,0,0,1,0,0
2012,FL,0,0,0,0,1,0,0
2012,GA,1,0,0,1,0,0,0
2012,HI,0,0,0,0,0,0,0
2012,IA,1,0,0,1,0,0,0
2012,ID,1,0,0,0,0,1,0
2012,IL,1,0,0,2,0,0,0
2012,IN,1,0,0,3,0,0,0
2012,KS,1,0,0,2,0,0,0
2012,KY,1,0,0,3,0,0,0
2012,LA,0,0,0,0,1,0,0
2012,MA,0,0,0,0,1,0,0
2012,MD,1,0,0,1,1,0,0
2012,ME,0,0,0,0,0,0,0
2012,MI,1,0,0,0,0,0,0
2012,MN,1,0,0,1,0,0,0
2012,MO,1,0,0,1,0,0,0
2012,MS,1,0,0,0,1,0,0
2012,MT,1,0,0,0,0,1,0
2012,NC,0,0,0,1,1,0,0
2012,ND,1,0,0,0,0,0,0
2012,NE,1,0,0,1,0,1,0
2012,NH,0,0,0,0,1,0,0
2012,NJ,1,0,0,1,1,0,0
2012,NM,1,0,0,1,0,1,0
2012,NV,1,0,0,0,0,1,0
2012,NY,1,0,0,1,1,0,0
2012,OH,1,0,0,2,1,0,0
2012,OK,1,0,0,2,0,1,0
2012,OR,0,0,0,0,0,1,0
2012,PA,1,0,0,1,1,0,0
2012,PR,0,0,0,0,0,0,0
2012,RI,0,0,0,0,1,0,0
2012,SC,0,0,0,1,0,0,0
2012,SD,1,0,0,0,0,1,0
2012,TN,1,0,0,1,0,0,0
2012,TX,1,0,0,4,0,1,0
2012,UT,1,0,0,0,0,1,0
2012,VA,1,0,0,1,1,0,0
2012,VI,0,0,0,0,0,0,0
2012,VT,0,0,0,0,0,0,0
2012,WA,0,0,0,0,0,1,0
2012,WI,1,0,0,0,0,0,0
2012,WV,0,0,0,1,1,0,0
2012,WY,1,0,0,0,0,1,0
2013,AK,0,0,0,0,0,0,0
2013,AL,0,0,0,1,0,0,0
2013,AR,0,0,0,0,0,0,0
2013,AZ,1,0,0,0,0,0,0
2013,CA,1,0,0,0,0,0,0
2013,CO,1,1,0,0,0,0,0
2013,CT,0,0,0,0,0,0,0
2013,DE,0,0,0,0,0,0,0
2013,FL,0,0,0,0,0,0,0
2013,GA,0,0,0,2,0,0,0
2013,HI,0,0,0,0,0,0,0
2013,IA,1,0,0,1,0,0,0
2013,ID,1,0,0,0,0,0,0
2013,IL,1,1,0,3,0,0,0
2013,IN,0,1,0,3,0,0,0
2013,KS,1,0,0,3,0,0,0
2013,KY,0,0,0,1,0,0,0
2013,LA,0,0,0,0,0,0,0
2013,MA,0,0,0,0,0,0,0
2013,MD,0,0,0,0,0,0,0
2013,ME,0,0,0,0,0,0,0
2013,MI,1,0,0,1,0,0,0
2013,MN,1,0,0,1,0,0,0
2013,MO,1,1,0,4,0,0,0
2013,MS,0,0,0,1,0,0,0
2013,MT,0,0,0,0,0,0,0
2013,NC,0,0,0,0,0,0,0
2013,ND,1,0,0,0,0,0,0
2013,NE,1,0,0,1,0,0,0
2013,NH,0,0,0,0,0,0,0
2013,NJ,0,0,0,0,0,0,0
2013,NM,1,0,0,0,0,0,0
2013,NV,1,0,0,0,0,0,0
2013,NY,0,0,0,2,0,0,0
2013,OH,0,0,0,1,0,0,0
2013,OK,1,0,0,2,0,0,0
2013,OR,1,0,0,0,0,0,0
2013,PA,0,0,0,0,0,0,0
2013,PR,0,0,0,0,0,0,0
2013,RI,0,0,0,0,0,0,0
2013,SC,0,0,0,0,0,0,0
2013,SD,1,0,0,0,0,0,0
2013,TN,0,0,0,1,0,0,0
2013,TX,1,0,0,2,0,0,0
2013,UT,1,0,0,0,0,0,0
2013,VA,0,0,0,0,0,0,0
2013,VI,0,0,0,0,0,0,0
2013,VT,0,0,0,0,0,0,0
2013,WA,1,0,0,0,0,0,0
2013,WI,1,0,0,1,0,0,0
2013,WV,0,0,0,0,0,0,0
2013,WY,1,0,0,0,0,0,0
2014,AK,0,0,0,0,0,0,0
2014,AL,0,0,0,1,0,0,1
2014,AR,0,0,0,2,0,0,0
2014,AZ,1,0,0,0,0,0,0
2014,CA,1,0,0,0,0,0,0
2014,CO,0,0,0,2,0,0,0
2014,CT,0,0,0,0,0,0,0
2014,DE,0,0,0,2,0,0,0
2014,FL,0,0,0,1,0,0,0
2014,GA,0,0,0,1,0,0,1
2014,HI,0,0,0,0,0,0,0
2014,IA,0,0,0,2,0,0,0
2014,ID,1,0,0,0,0,0,0
2014,IL,0,0,0,2,0,0,1
2014,IN,0,0,0,1,0,0,1
2014,KS,1,0,0,4,0,0,0
2014,KY,0,0,0,0,0,0,1
2014,LA,0,0,0,0,0,0,0
2014,MA,0,0,0,0,0,0,0
2014,MD,0,1,0,1,0,0,1
2014,ME,0,0,0,0,0,0,0
2014,MI,0,1,0,0,0,0,1
2014,MN,0,0,0,0,0,0,0
2014,MO,0,0,0,2,0,0,1
2014,MS,0,0,0,1,0,0,1
2014,MT,0,0,0,1,0,0,0
2014,NC,0,0,0,1,0,0,1
2014,ND,0,0,0,0,0,0,0
2014,NE,0,0,0,1,0,0,0
2014,NH,0,0,0,0,0,0,0
2014,NJ,0,0,0,1,0,0,1
2014,NM,1,0,0,0,0,0,0
2014,NV,1,0,0,0,0,0,0
2014,NY,0,1,0,2,0,0,1
2014,OH,0,0,0,1,0,0,1
2014,OK,1,0,0,0,0,0,0
2014,OR,1,0,0,0,0,0,0
2014,PA,0,0,0,2,0,0,1
2014,PR,0,0,0,0,0,0,0
2014,RI,0,0,0,0,0,0,0
2014,SC,0,0,0,1,0,0,1
2014,SD,0,0,0,1,0,0,0
2014,TN,0,0,0,1,0,0,1
2014,TX,1,0,0,2,0,0,0
2014,UT,0,0,0,0,0,0,0
2014,VA,0,0,0,2,0,0,1
2014,VI,0,0,0,0,0,0,0
2014,VT,0,0,0,0,0,0,0
2014,WA,1,0,0,0,0,0,0
2014,WI,0,0,0,0,0,0,0
2014,WV,0,0,0,0,0,0,0
2014,WY,0,0,0,1,0,0,0
2015,AK,0,0,0,0,0,1,0
2015,AL,0,0,0,1,0,0,0
2015,AR,0,1,0,3,0,0,0
2015,AZ,1,0,0,0,0,0,0
2015,CA,1,0,0,0,0,1,0
2015,CO,0,1,0,2,0,1,0
2015,CT,0,0,0,1,0,0,1
2015,DE,0,0,0,0,0,0,1
2015,FL,0,0,0,1,0,0,0
2015,GA,0,1,0,1,0,0,1
2015,HI,0,0,0,0,0,0,0
2015,IA,0,0,0,3,0,0,0
2015,ID,1,0,0,0,0,1,0
2015,IL,0,0,0,3,0,0,1
2015,IN,0,0,0,1,0,0,0
2015,KS,0,1,0,3,0,0,0
2015,KY,0,0,0,2,0,0,1
2015,LA,0,1,0,1,0,0,0
2015,MA,0,0,0,0,0,0,1
2015,MD,0,1,0,1,0,0,1
2015,ME,0,0,0,0,0,0,1
2015,MI,0,0,0,2,0,0,1
2015,MN,0,0,0,0,0,0,0
2015,MO,0,0,0,2,0,0,0
2015,MS,0,0,0,1,0,0,0
2015,MT,1,0,0,0,0,1,0
2015,NC,0,1,0,2,0,0,1
2015,ND,0,0,0,0,0,1,0
2015,NE,0,0,0,1,0,0,0
2015,NH,0,0,0,0,0,0,1
2015,NJ,0,1,0,1,0,0,1
2015,NM,0,0,0,1,0,0,0
2015,NV,1,0,0,0,0,0,0
2015,NY,0,0,0,1,0,0,1
2015,OH,0,1,0,1,0,0,1
2015,OK,0,1,0,4,0,0,0
2015,OR,1,0,0,0,0,1,0
2015,PA,0,0,0,3,0,0,1
2015,PR,0,0,0,0,0,0,0
2015,RI,0,0,0,0,0,0,1
2015,SC,0,2,0,1,0,0,1
2015,SD,0,0,0,2,0,0,0
2015,TN,0,0,0,3,0,0,1
2015,TX,0,1,0,4,0,1,0
2015,UT,1,0,0,0,0,0,0
2015,VA,0,1,0,1,0,0,1
2015,VI,0,0,0,0,0,0,0
2015,VT,0,0,0,0,0,0,0
2015,WA,1,0,0,0,0,1,0
2015,WI,0,0,0,2,0,0,0
2015,WV,0,0,0,1,0,0,0
2015,WY,0,0,0,0,0,1,0
2016,AK,0,0,0,0,0,0,0
2016,AL,1,0,0,1,0,1,0
2016,AR,0,0,0,1,0,0,0
2016,AZ,0,0,0,0,0,1,0
2016,CA,1,0,0,0,0,1,0
2016,CO,0,0,0,3,0,0,0
2016,CT,1,0,0,1,0,0,0
2016,DE,0,0,0,0,0,0,0
2016,FL,0,0,0,2,1,0,0
2016,GA,1,0,0,2,1,1,0
2016,HI,0,0,0,0,0,0,0
2016,IA,0,0,0,0,0,0,0
2016,ID,0,0,0,0,0,1,0
2016,IL,0,1,0,3,0,0,0
2016,IN,0,1,0,1,0,0,0
2016,KS,0,0,0,2,0,0,0
2016,KY,0,0,0,1,0,0,0
2016,LA,0,2,0,2,0,0,0
2016,MA,1,0,0,1,0,0,0
2016,MD,0,0,0,3,0,0,0
2016,ME,1,0,0,0,0,0,0
2016,MI,0,0,0,1,0,0,0
2016,MN,0,0,0,0,0,0,0
2016,MO,0,0,0,3,0,0,0
2016,MS,1,0,0,2,0,0,0
2016,MT,0,0,0,1,0,0,0
2016,NC,1,0,0,2,1,1,0
2016,ND,0,0,0,0,0,0,0
2016,NE,0,0,0,1,0,0,0
2016,NH,1,0,0,0,0,0,0
2016,NJ,0,0,0,2,0,0,0
2016,NM,0,0,0,0,0,0,0
2016,NV,0,0,0,0,0,1,0
2016,NY,1,0,0,2,0,0,0
2016,OH,0,1,0,0,0,0,0
2016,OK,0,0,0,3,0,0,0
2016,OR,0,0,0,0,0,1,0
2016,PA,0,0,0,2,0,0,0
2016,PR,0,0,0,0,0,0,0
2016,RI,1,0,0,0,0,0,0
2016,SC,0,0,0,1,1,0,0
2016,SD,0,0,0,0,0,0,0
2016,TN,0,0,0,1,0,1,0
2016,TX,0,2,0,7,0,0,0
2016,UT,0,0,0,0,0,0,0
2016,VA,0,1,0,3,1,0,0
2016,VI,0,0,0,0,0,0,0
2016,VT,1,0,0,0,0,0,0
2016,WA,0,0,0,0,0,1,0
2016,WI,0,0,0,0,0,0,0
2016,WV,0,1,0,0,0,0,0
2016,WY,0,0,0,1,0,1,0
2017,AK,0,0,0,0,0,0,0
2017,AL,0,1,1,3,2,0,0
2017,AR,0,1,0,2,0,0,0
2017,AZ,0,0,0,0,0,1,0
2017,CA,0,1,0,1,0,1,0
2017,CO,0,0,0,1,0,0,0
2017,CT,0,0,0,0,0,0,0
2017,DE,0,0,0,0,0,0,0
2017,FL,0,0,1,1,1,0,0
2017,GA,0,0,1,2,1,0,0
2017,HI,0,0,0,0,0,0,0
2017,IA,0,0,0,4,0,0,0
2017,ID,0,0,0,0,0,1,0
2017,IL,0,1,0,4,0,0,0
2017,IN,0,1,0,1,0,0,0
2017,KS,0,0,0,2,0,0,0
2017,KY,0,1,1,2,0,0,0
2017,LA,0,1,0,1,1,0,0
2017,MA,0,0,0,0,0,0,0
2017,MD,0,0,0,1,0,0,0
2017,ME,0,0,0,0,0,0,0
2017,MI,0,0,0,2,0,0,0
2017,MN,0,0,0,2,0,0,0
2017,MO,0,1,0,4,0,0,0
2017,MS,0,1,1,2,1,0,0
2017,MT,1,0,0,0,0,1,0
2017,NC,0,0,1,1,2,0,0
2017,ND,1,0,0,0,0,0,0
2017,NE,0,0,0,3,0,0,0
2017,NH,0,0,0,0,0,0,0
2017,NJ,0,0,0,0,0,0,0
2017,NM,0,0,0,1,0,0,0
2017,NV,0,0,0,0,0,1,0
2017,NY,0,0,0,2,0,0,0
2017,OH,0,1,0,2,0,0,0
2017,OK,0,1,0,3,0,0,0
2017,OR,0,0,0,0,0,1,0
2017,PA,0,0,0,1,0,0,0
2017,PR,0,0,0,0,2,0,0
2017,RI,0,0,0,0,0,0,0
2017,SC,0,0,1,2,1,0,0
2017,SD,1,0,0,0,0,0,0
2017,TN,0,1,1,2,1,0,0
2017,TX,0,1,0,4,1,0,0
2017,UT,0,0,0,0,0,0,0
2017,VA,0,0,1,2,0,0,0
2017,VI,0,0,0,0,2,0,0
2017,VT,0,0,0,0,0,0,0
2017,WA,0,0,0,0,0,1,0
2017,WI,0,0,0,2,0,0,0
2017,WV,0,0,0,1,0,0,0
2017,WY,0,0,0,1,0,1,0
